order_id,customer_id,sales_rep_id,region_id,order_date,shipping_date,order_status,sales_channel,delay_days
ORD0001,CUST036,REP04,REG02,2024-07-01,2024-07-04,Completed,Partner,3
ORD0002,CUST075,REP06,REG03,2024-07-01,2024-07-04,Completed,Partner,3
ORD0003,CUST097,REP05,REG03,2024-07-02,2024-07-06,Completed,Direct,4
ORD0004,CUST067,REP04,REG02,2024-07-05,2024-07-09,Completed,Direct,4
ORD0005,CUST030,REP04,REG02,2024-07-05,2024-07-06,Completed,Direct,1
ORD0006,CUST074,REP05,REG03,2024-07-05,2024-07-07,Cancelled,Direct,2
ORD0007,CUST044,REP01,REG01,2024-07-06,2024-07-07,Cancelled,Direct,1
ORD0008,CUST052,REP02,REG01,2024-07-06,2024-07-08,Completed,Online,2
ORD0009,CUST079,REP02,REG01,2024-07-09,2024-07-11,Completed,Direct,2
ORD0010,CUST016,REP04,REG02,2024-07-10,2024-07-12,Returned,Partner,2
ORD0011,CUST043,REP02,REG01,2024-07-11,2024-07-13,Completed,Online,2
ORD0012,CUST029,REP05,REG03,2024-07-12,2024-07-14,Returned,Online,2
ORD0013,CUST043,REP03,REG02,2024-07-13,2024-07-15,Completed,Online,2
ORD0014,CUST080,REP04,REG02,2024-07-13,2024-07-15,Completed,Online,2
ORD0015,CUST018,REP04,REG02,2024-07-14,2024-07-16,Completed,Online,2
ORD0016,CUST042,REP06,REG03,2024-07-14,2024-07-15,Completed,Online,1
ORD0017,CUST068,REP01,REG01,2024-07-15,2024-07-17,Completed,Online,2
ORD0018,CUST069,REP04,REG02,2024-07-17,2024-07-19,Completed,Online,2
ORD0019,CUST027,REP01,REG01,2024-07-17,2024-07-20,Completed,Online,3
ORD0020,CUST042,REP08,REG04,2024-07-17,2024-07-19,Completed,Partner,2
ORD0021,CUST100,REP08,REG04,2024-07-19,2024-07-30,Returned,Online,11
ORD0022,CUST087,REP07,REG04,2024-07-19,2024-07-30,Returned,Online,11
ORD0023,CUST047,REP04,REG02,2024-07-20,2024-07-22,Completed,Online,2
ORD0024,CUST098,REP05,REG03,2024-07-21,2024-07-23,Completed,Direct,2
ORD0025,CUST041,REP02,REG01,2024-07-22,2024-07-23,Completed,Direct,1
ORD0026,CUST077,REP07,REG04,2024-07-23,2024-08-01,Completed,Online,9
ORD0027,CUST066,REP01,REG01,2024-07-23,2024-07-24,Returned,Online,1
ORD0028,CUST071,REP07,REG04,2024-07-24,2024-08-02,Cancelled,Online,9
ORD0029,CUST062,REP08,REG04,2024-07-24,2024-07-31,Returned,Online,7
ORD0030,CUST035,REP03,REG02,2024-07-24,2024-07-28,Completed,Partner,4
ORD0031,CUST062,REP01,REG01,2024-07-24,2024-07-25,Completed,Direct,1
ORD0032,CUST067,REP07,REG04,2024-07-24,2024-07-28,Completed,Direct,4
ORD0033,CUST017,REP07,REG04,2024-07-24,2024-07-25,Completed,Online,1
ORD0034,CUST016,REP06,REG03,2024-07-27,2024-07-30,Completed,Online,3
ORD0035,CUST006,REP04,REG02,2024-07-29,2024-07-31,Completed,Online,2
ORD0036,CUST031,REP02,REG01,2024-07-29,2024-07-31,Completed,Online,2
ORD0037,CUST018,REP02,REG01,2024-07-30,2024-07-31,Completed,Partner,1
ORD0038,CUST069,REP05,REG03,2024-07-31,2024-08-01,Completed,Direct,1
ORD0039,CUST051,REP04,REG02,2024-08-01,2024-08-02,Completed,Partner,1
ORD0040,CUST062,REP01,REG01,2024-08-01,2024-08-03,Completed,Online,2
ORD0041,CUST082,REP01,REG01,2024-08-03,2024-08-05,Cancelled,Direct,2
ORD0042,CUST081,REP08,REG04,2024-08-03,2024-08-10,Returned,Direct,7
ORD0043,CUST080,REP08,REG04,2024-08-03,2024-08-12,Completed,Direct,9
ORD0044,CUST067,REP08,REG04,2024-08-03,2024-08-07,Completed,Online,4
ORD0045,CUST036,REP08,REG04,2024-08-04,2024-08-07,Completed,Online,3
ORD0046,CUST047,REP05,REG03,2024-08-05,2024-08-06,Completed,Online,1
ORD0047,CUST094,REP04,REG02,2024-08-05,2024-08-07,Completed,Online,2
ORD0048,CUST006,REP08,REG04,2024-08-07,2024-08-14,Completed,Direct,7
ORD0049,CUST076,REP06,REG03,2024-08-08,2024-08-10,Cancelled,Direct,2
ORD0050,CUST038,REP06,REG03,2024-08-08,2024-08-11,Completed,Direct,3
ORD0051,CUST077,REP06,REG03,2024-08-08,2024-08-09,Completed,Partner,1
ORD0052,CUST080,REP08,REG04,2024-08-08,2024-08-11,Completed,Partner,3
ORD0053,CUST061,REP02,REG01,2024-08-09,2024-08-10,Completed,Direct,1
ORD0054,CUST009,REP03,REG02,2024-08-09,2024-08-10,Completed,Online,1
ORD0055,CUST004,REP08,REG04,2024-08-09,2024-08-14,Completed,Online,5
ORD0056,CUST047,REP03,REG02,2024-08-09,2024-08-12,Completed,Partner,3
ORD0057,CUST079,REP07,REG04,2024-08-10,2024-08-12,Completed,Online,2
ORD0058,CUST042,REP05,REG03,2024-08-10,2024-08-12,Completed,Direct,2
ORD0059,CUST069,REP04,REG02,2024-08-13,2024-08-17,Completed,Online,4
ORD0060,CUST088,REP07,REG04,2024-08-13,2024-08-14,Cancelled,Direct,1
ORD0061,CUST037,REP04,REG02,2024-08-14,2024-08-15,Completed,Online,1
ORD0062,CUST060,REP02,REG01,2024-08-14,2024-08-15,Completed,Online,1
ORD0063,CUST050,REP04,REG02,2024-08-15,2024-08-17,Completed,Online,2
ORD0064,CUST029,REP05,REG03,2024-08-17,2024-08-19,Completed,Online,2
ORD0065,CUST026,REP05,REG03,2024-08-18,2024-08-20,Completed,Direct,2
ORD0066,CUST067,REP05,REG03,2024-08-18,2024-08-23,Completed,Online,5
ORD0067,CUST083,REP08,REG04,2024-08-18,2024-08-22,Completed,Direct,4
ORD0068,CUST041,REP05,REG03,2024-08-18,2024-08-20,Completed,Partner,2
ORD0069,CUST047,REP01,REG01,2024-08-18,2024-08-19,Completed,Online,1
ORD0070,CUST036,REP08,REG04,2024-08-19,2024-08-28,Cancelled,Partner,9
ORD0071,CUST055,REP08,REG04,2024-08-19,2024-08-21,Completed,Direct,2
ORD0072,CUST039,REP07,REG04,2024-08-19,2024-08-28,Completed,Online,9
ORD0073,CUST054,REP02,REG01,2024-08-19,2024-08-23,Completed,Direct,4
ORD0074,CUST099,REP01,REG01,2024-08-21,2024-08-23,Completed,Online,2
ORD0075,CUST005,REP08,REG04,2024-08-22,2024-09-02,Returned,Direct,11
ORD0076,CUST089,REP08,REG04,2024-08-22,2024-08-24,Completed,Online,2
ORD0077,CUST010,REP01,REG01,2024-08-23,2024-08-24,Completed,Direct,1
ORD0078,CUST014,REP02,REG01,2024-08-23,2024-08-25,Completed,Online,2
ORD0079,CUST068,REP05,REG03,2024-08-25,2024-08-27,Completed,Partner,2
ORD0080,CUST083,REP07,REG04,2024-08-25,2024-09-05,Completed,Online,11
ORD0081,CUST074,REP07,REG04,2024-08-26,2024-09-04,Cancelled,Direct,9
ORD0082,CUST072,REP08,REG04,2024-08-26,2024-09-02,Returned,Online,7
ORD0083,CUST040,REP08,REG04,2024-08-27,2024-08-31,Completed,Partner,4
ORD0084,CUST068,REP07,REG04,2024-08-27,2024-08-31,Completed,Online,4
ORD0085,CUST008,REP03,REG02,2024-08-27,2024-08-29,Cancelled,Direct,2
ORD0086,CUST072,REP02,REG01,2024-08-28,2024-08-29,Returned,Direct,1
ORD0087,CUST090,REP03,REG02,2024-08-30,2024-09-02,Completed,Partner,3
ORD0088,CUST097,REP05,REG03,2024-08-30,2024-09-01,Completed,Direct,2
ORD0089,CUST082,REP07,REG04,2024-08-31,2024-09-01,Completed,Partner,1
ORD0090,CUST026,REP05,REG03,2024-08-31,2024-09-02,Completed,Online,2
ORD0091,CUST097,REP02,REG01,2024-09-02,2024-09-04,Completed,Direct,2
ORD0092,CUST057,REP01,REG01,2024-09-02,2024-09-04,Completed,Online,2
ORD0093,CUST017,REP03,REG02,2024-09-03,2024-09-05,Completed,Online,2
ORD0094,CUST035,REP08,REG04,2024-09-03,2024-09-08,Completed,Direct,5
ORD0095,CUST072,REP01,REG01,2024-09-04,2024-09-05,Completed,Partner,1
ORD0096,CUST061,REP08,REG04,2024-09-04,2024-09-07,Completed,Online,3
ORD0097,CUST058,REP05,REG03,2024-09-05,2024-09-07,Completed,Partner,2
ORD0098,CUST039,REP06,REG03,2024-09-05,2024-09-07,Completed,Direct,2
ORD0099,CUST005,REP01,REG01,2024-09-06,2024-09-09,Completed,Partner,3
ORD0100,CUST032,REP05,REG03,2024-09-06,2024-09-08,Completed,Online,2
ORD0101,CUST013,REP05,REG03,2024-09-08,2024-09-10,Returned,Online,2
ORD0102,CUST003,REP05,REG03,2024-09-08,2024-09-09,Completed,Online,1
ORD0103,CUST060,REP05,REG03,2024-09-09,2024-09-11,Completed,Direct,2
ORD0104,CUST038,REP06,REG03,2024-09-10,2024-09-13,Completed,Partner,3
ORD0105,CUST061,REP08,REG04,2024-09-11,2024-09-13,Completed,Online,2
ORD0106,CUST041,REP02,REG01,2024-09-11,2024-09-16,Completed,Partner,5
ORD0107,CUST059,REP06,REG03,2024-09-11,2024-09-13,Completed,Direct,2
ORD0108,CUST053,REP05,REG03,2024-09-12,2024-09-13,Completed,Direct,1
ORD0109,CUST045,REP06,REG03,2024-09-13,2024-09-15,Completed,Online,2
ORD0110,CUST012,REP05,REG03,2024-09-13,2024-09-15,Returned,Direct,2
ORD0111,CUST042,REP08,REG04,2024-09-13,2024-09-18,Completed,Partner,5
ORD0112,CUST014,REP07,REG04,2024-09-14,2024-09-23,Returned,Partner,9
ORD0113,CUST057,REP05,REG03,2024-09-14,2024-09-15,Completed,Direct,1
ORD0114,CUST093,REP06,REG03,2024-09-14,2024-09-16,Returned,Direct,2
ORD0115,CUST030,REP01,REG01,2024-09-16,2024-09-19,Returned,Partner,3
ORD0116,CUST002,REP02,REG01,2024-09-16,2024-09-23,Returned,Direct,7
ORD0117,CUST078,REP04,REG02,2024-09-16,2024-09-20,Completed,Direct,4
ORD0118,CUST001,REP06,REG03,2024-09-17,2024-09-24,Returned,Direct,7
ORD0119,CUST006,REP03,REG02,2024-09-17,2024-09-20,Completed,Direct,3
ORD0120,CUST044,REP06,REG03,2024-09-17,2024-09-19,Completed,Direct,2
ORD0121,CUST057,REP02,REG01,2024-09-17,2024-09-19,Completed,Online,2
ORD0122,CUST096,REP01,REG01,2024-09-18,2024-09-19,Completed,Direct,1
ORD0123,CUST071,REP08,REG04,2024-09-20,2024-10-01,Completed,Online,11
ORD0124,CUST023,REP02,REG01,2024-09-20,2024-09-22,Completed,Direct,2
ORD0125,CUST083,REP06,REG03,2024-09-22,2024-09-24,Completed,Online,2
ORD0126,CUST012,REP02,REG01,2024-09-24,2024-09-27,Completed,Partner,3
ORD0127,CUST041,REP04,REG02,2024-09-24,2024-09-26,Completed,Online,2
ORD0128,CUST054,REP02,REG01,2024-09-24,2024-09-25,Completed,Online,1
ORD0129,CUST017,REP08,REG04,2024-09-25,2024-10-04,Cancelled,Direct,9
ORD0130,CUST100,REP01,REG01,2024-09-26,2024-09-28,Completed,Online,2
ORD0131,CUST021,REP07,REG04,2024-09-26,2024-09-30,Completed,Partner,4
ORD0132,CUST068,REP04,REG02,2024-09-27,2024-09-30,Completed,Direct,3
ORD0133,CUST048,REP06,REG03,2024-09-27,2024-09-30,Completed,Online,3
ORD0134,CUST038,REP01,REG01,2024-09-27,2024-09-30,Completed,Direct,3
ORD0135,CUST028,REP06,REG03,2024-09-28,2024-09-30,Completed,Partner,2
ORD0136,CUST002,REP03,REG02,2024-09-29,2024-10-01,Completed,Direct,2
ORD0137,CUST057,REP08,REG04,2024-09-29,2024-10-10,Returned,Direct,11
ORD0138,CUST088,REP01,REG01,2024-09-30,2024-10-02,Completed,Direct,2
ORD0139,CUST064,REP07,REG04,2024-09-30,2024-10-05,Completed,Online,5
ORD0140,CUST050,REP06,REG03,2024-09-30,2024-10-02,Completed,Online,2
ORD0141,CUST059,REP05,REG03,2024-09-30,2024-10-01,Completed,Partner,1
ORD0142,CUST037,REP04,REG02,2024-10-01,2024-10-03,Completed,Direct,2
ORD0143,CUST058,REP07,REG04,2024-10-01,2024-10-08,Returned,Online,7
ORD0144,CUST008,REP06,REG03,2024-10-02,2024-10-03,Completed,Online,1
ORD0145,CUST073,REP06,REG03,2024-10-03,2024-10-04,Completed,Online,1
ORD0146,CUST036,REP01,REG01,2024-10-03,2024-10-06,Completed,Partner,3
ORD0147,CUST019,REP06,REG03,2024-10-03,2024-10-05,Completed,Direct,2
ORD0148,CUST063,REP07,REG04,2024-10-03,2024-10-04,Completed,Direct,1
ORD0149,CUST029,REP02,REG01,2024-10-03,2024-10-06,Completed,Partner,3
ORD0150,CUST023,REP03,REG02,2024-10-05,2024-10-06,Completed,Direct,1
ORD0151,CUST089,REP02,REG01,2024-10-05,2024-10-08,Completed,Online,3
ORD0152,CUST046,REP08,REG04,2024-10-05,2024-10-07,Completed,Partner,2
ORD0153,CUST089,REP02,REG01,2024-10-05,2024-10-06,Completed,Direct,1
ORD0154,CUST064,REP02,REG01,2024-10-05,2024-10-06,Completed,Direct,1
ORD0155,CUST095,REP02,REG01,2024-10-05,2024-10-10,Completed,Direct,5
ORD0156,CUST079,REP01,REG01,2024-10-06,2024-10-08,Completed,Online,2
ORD0157,CUST072,REP03,REG02,2024-10-06,2024-10-08,Returned,Direct,2
ORD0158,CUST025,REP02,REG01,2024-10-07,2024-10-14,Returned,Direct,7
ORD0159,CUST050,REP03,REG02,2024-10-07,2024-10-09,Completed,Direct,2
ORD0160,CUST049,REP01,REG01,2024-10-07,2024-10-09,Completed,Direct,2
ORD0161,CUST092,REP05,REG03,2024-10-07,2024-10-08,Completed,Partner,1
ORD0162,CUST014,REP02,REG01,2024-10-08,2024-10-10,Completed,Partner,2
ORD0163,CUST098,REP07,REG04,2024-10-08,2024-10-12,Completed,Partner,4
ORD0164,CUST086,REP06,REG03,2024-10-09,2024-10-11,Completed,Direct,2
ORD0165,CUST028,REP01,REG01,2024-10-09,2024-10-12,Completed,Partner,3
ORD0166,CUST022,REP04,REG02,2024-10-09,2024-10-12,Completed,Direct,3
ORD0167,CUST013,REP01,REG01,2024-10-09,2024-10-10,Completed,Online,1
ORD0168,CUST003,REP03,REG02,2024-10-09,2024-10-10,Completed,Online,1
ORD0169,CUST084,REP08,REG04,2024-10-10,2024-10-24,Returned,Direct,14
ORD0170,CUST079,REP04,REG02,2024-10-10,2024-10-11,Completed,Partner,1
ORD0171,CUST075,REP07,REG04,2024-10-10,2024-10-19,Completed,Partner,9
ORD0172,CUST068,REP05,REG03,2024-10-10,2024-10-11,Completed,Partner,1
ORD0173,CUST024,REP02,REG01,2024-10-10,2024-10-11,Returned,Direct,1
ORD0174,CUST041,REP07,REG04,2024-10-11,2024-10-22,Returned,Partner,11
ORD0175,CUST033,REP07,REG04,2024-10-11,2024-10-14,Completed,Direct,3
ORD0176,CUST063,REP06,REG03,2024-10-11,2024-10-12,Completed,Online,1
ORD0177,CUST013,REP08,REG04,2024-10-11,2024-10-18,Cancelled,Online,7
ORD0178,CUST023,REP01,REG01,2024-10-11,2024-10-13,Completed,Online,2
ORD0179,CUST033,REP02,REG01,2024-10-11,2024-10-13,Completed,Direct,2
ORD0180,CUST070,REP08,REG04,2024-10-12,2024-10-17,Completed,Online,5
ORD0181,CUST039,REP04,REG02,2024-10-13,2024-10-14,Completed,Online,1
ORD0182,CUST092,REP07,REG04,2024-10-14,2024-10-15,Cancelled,Direct,1
ORD0183,CUST068,REP01,REG01,2024-10-14,2024-10-16,Completed,Direct,2
ORD0184,CUST016,REP01,REG01,2024-10-15,2024-10-17,Completed,Direct,2
ORD0185,CUST056,REP06,REG03,2024-10-17,2024-10-18,Completed,Online,1
ORD0186,CUST082,REP08,REG04,2024-10-17,2024-10-18,Completed,Online,1
ORD0187,CUST030,REP08,REG04,2024-10-18,2024-10-19,Completed,Direct,1
ORD0188,CUST099,REP05,REG03,2024-10-18,2024-10-20,Completed,Online,2
ORD0189,CUST009,REP05,REG03,2024-10-19,2024-10-20,Completed,Partner,1
ORD0190,CUST059,REP06,REG03,2024-10-21,2024-10-23,Returned,Online,2
ORD0191,CUST070,REP03,REG02,2024-10-21,2024-10-22,Completed,Direct,1
ORD0192,CUST010,REP02,REG01,2024-10-21,2024-10-22,Cancelled,Online,1
ORD0193,CUST017,REP05,REG03,2024-10-21,2024-10-23,Completed,Direct,2
ORD0194,CUST064,REP07,REG04,2024-10-21,2024-11-01,Completed,Direct,11
ORD0195,CUST009,REP07,REG04,2024-10-22,2024-10-26,Completed,Direct,4
ORD0196,CUST035,REP03,REG02,2024-10-22,2024-10-24,Completed,Partner,2
ORD0197,CUST090,REP03,REG02,2024-10-23,2024-10-25,Completed,Direct,2
ORD0198,CUST053,REP03,REG02,2024-10-25,2024-10-27,Completed,Direct,2
ORD0199,CUST090,REP06,REG03,2024-10-25,2024-10-26,Cancelled,Direct,1
ORD0200,CUST058,REP03,REG02,2024-10-25,2024-10-28,Completed,Partner,3
ORD0201,CUST088,REP08,REG04,2024-10-25,2024-10-30,Returned,Direct,5
ORD0202,CUST016,REP02,REG01,2024-10-26,2024-10-28,Returned,Online,2
ORD0203,CUST063,REP02,REG01,2024-10-27,2024-10-29,Completed,Online,2
ORD0204,CUST036,REP05,REG03,2024-10-27,2024-10-29,Returned,Online,2
ORD0205,CUST012,REP06,REG03,2024-10-27,2024-10-28,Completed,Partner,1
ORD0206,CUST078,REP08,REG04,2024-10-28,2024-11-11,Completed,Online,14
ORD0207,CUST059,REP02,REG01,2024-10-28,2024-10-30,Completed,Partner,2
ORD0208,CUST026,REP07,REG04,2024-10-28,2024-10-29,Completed,Direct,1
ORD0209,CUST052,REP08,REG04,2024-10-28,2024-11-04,Returned,Direct,7
ORD0210,CUST009,REP03,REG02,2024-10-28,2024-10-30,Completed,Partner,2
ORD0211,CUST098,REP03,REG02,2024-10-29,2024-10-31,Returned,Direct,2
ORD0212,CUST047,REP05,REG03,2024-10-29,2024-10-30,Returned,Direct,1
ORD0213,CUST010,REP05,REG03,2024-10-30,2024-11-04,Completed,Online,5
ORD0214,CUST088,REP03,REG02,2024-11-01,2024-11-04,Completed,Online,3
ORD0215,CUST015,REP01,REG01,2024-11-01,2024-11-04,Returned,Direct,3
ORD0216,CUST075,REP05,REG03,2024-11-01,2024-11-05,Completed,Online,4
ORD0217,CUST043,REP05,REG03,2024-11-02,2024-11-04,Completed,Online,2
ORD0218,CUST097,REP05,REG03,2024-11-02,2024-11-04,Completed,Direct,2
ORD0219,CUST023,REP04,REG02,2024-11-03,2024-11-06,Completed,Direct,3
ORD0220,CUST035,REP06,REG03,2024-11-03,2024-11-04,Completed,Online,1
ORD0221,CUST048,REP04,REG02,2024-11-03,2024-11-04,Completed,Online,1
ORD0222,CUST071,REP07,REG04,2024-11-05,2024-11-07,Completed,Direct,2
ORD0223,CUST063,REP06,REG03,2024-11-05,2024-11-12,Returned,Direct,7
ORD0224,CUST017,REP05,REG03,2024-11-05,2024-11-10,Completed,Partner,5
ORD0225,CUST005,REP04,REG02,2024-11-05,2024-11-09,Completed,Direct,4
ORD0226,CUST004,REP08,REG04,2024-11-06,2024-11-17,Returned,Partner,11
ORD0227,CUST059,REP07,REG04,2024-11-07,2024-11-11,Completed,Direct,4
ORD0228,CUST074,REP05,REG03,2024-11-08,2024-11-11,Completed,Online,3
ORD0229,CUST019,REP02,REG01,2024-11-08,2024-11-10,Completed,Direct,2
ORD0230,CUST029,REP06,REG03,2024-11-08,2024-11-09,Completed,Online,1
ORD0231,CUST055,REP01,REG01,2024-11-08,2024-11-09,Completed,Partner,1
ORD0232,CUST088,REP03,REG02,2024-11-09,2024-11-11,Completed,Direct,2
ORD0233,CUST095,REP05,REG03,2024-11-09,2024-11-12,Completed,Partner,3
ORD0234,CUST006,REP05,REG03,2024-11-09,2024-11-14,Completed,Direct,5
ORD0235,CUST002,REP05,REG03,2024-11-09,2024-11-11,Completed,Online,2
ORD0236,CUST091,REP04,REG02,2024-11-09,2024-11-11,Completed,Direct,2
ORD0237,CUST093,REP07,REG04,2024-11-10,2024-11-19,Completed,Direct,9
ORD0238,CUST023,REP08,REG04,2024-11-11,2024-11-16,Completed,Online,5
ORD0239,CUST021,REP08,REG04,2024-11-12,2024-11-19,Cancelled,Online,7
ORD0240,CUST046,REP08,REG04,2024-11-14,2024-11-19,Completed,Partner,5
ORD0241,CUST037,REP06,REG03,2024-11-14,2024-11-15,Completed,Online,1
ORD0242,CUST051,REP05,REG03,2024-11-15,2024-11-17,Completed,Online,2
ORD0243,CUST056,REP08,REG04,2024-11-15,2024-11-24,Completed,Online,9
ORD0244,CUST066,REP07,REG04,2024-11-16,2024-11-25,Completed,Partner,9
ORD0245,CUST026,REP05,REG03,2024-11-16,2024-11-17,Completed,Direct,1
ORD0246,CUST077,REP08,REG04,2024-11-16,2024-11-19,Completed,Direct,3
ORD0247,CUST033,REP02,REG01,2024-11-16,2024-11-18,Completed,Direct,2
ORD0248,CUST060,REP04,REG02,2024-11-16,2024-11-18,Completed,Direct,2
ORD0249,CUST078,REP03,REG02,2024-11-17,2024-11-19,Completed,Partner,2
ORD0250,CUST030,REP08,REG04,2024-11-17,2024-11-20,Completed,Online,3
ORD0251,CUST026,REP01,REG01,2024-11-17,2024-11-20,Completed,Online,3
ORD0252,CUST036,REP01,REG01,2024-11-17,2024-11-22,Completed,Online,5
ORD0253,CUST066,REP01,REG01,2024-11-18,2024-11-21,Completed,Online,3
ORD0254,CUST015,REP05,REG03,2024-11-18,2024-11-22,Completed,Direct,4
ORD0255,CUST090,REP06,REG03,2024-11-18,2024-11-23,Completed,Online,5
ORD0256,CUST020,REP08,REG04,2024-11-18,2024-11-25,Returned,Direct,7
ORD0257,CUST039,REP01,REG01,2024-11-19,2024-11-20,Completed,Online,1
ORD0258,CUST086,REP07,REG04,2024-11-19,2024-11-20,Completed,Direct,1
ORD0259,CUST042,REP03,REG02,2024-11-19,2024-11-21,Completed,Direct,2
ORD0260,CUST061,REP05,REG03,2024-11-20,2024-11-21,Completed,Online,1
ORD0261,CUST005,REP06,REG03,2024-11-20,2024-11-21,Completed,Online,1
ORD0262,CUST039,REP05,REG03,2024-11-20,2024-11-25,Completed,Direct,5
ORD0263,CUST083,REP08,REG04,2024-11-20,2024-12-01,Returned,Direct,11
ORD0264,CUST010,REP04,REG02,2024-11-20,2024-11-22,Completed,Online,2
ORD0265,CUST078,REP02,REG01,2024-11-22,2024-11-24,Completed,Partner,2
ORD0266,CUST076,REP03,REG02,2024-11-23,2024-11-26,Completed,Online,3
ORD0267,CUST074,REP08,REG04,2024-11-23,2024-11-25,Completed,Online,2
ORD0268,CUST009,REP07,REG04,2024-11-23,2024-11-27,Completed,Online,4
ORD0269,CUST004,REP01,REG01,2024-11-23,2024-11-24,Completed,Online,1
ORD0270,CUST099,REP06,REG03,2024-11-23,2024-11-24,Returned,Partner,1
ORD0271,CUST060,REP08,REG04,2024-11-24,2024-12-01,Returned,Direct,7
ORD0272,CUST058,REP07,REG04,2024-11-24,2024-11-28,Returned,Online,4
ORD0273,CUST099,REP02,REG01,2024-11-25,2024-11-26,Completed,Direct,1
ORD0274,CUST032,REP07,REG04,2024-11-25,2024-12-09,Returned,Partner,14
ORD0275,CUST032,REP07,REG04,2024-11-25,2024-11-28,Completed,Direct,3
ORD0276,CUST092,REP02,REG01,2024-11-26,2024-11-30,Completed,Online,4
ORD0277,CUST016,REP01,REG01,2024-11-27,2024-11-29,Completed,Direct,2
ORD0278,CUST008,REP01,REG01,2024-11-27,2024-11-28,Completed,Online,1
ORD0279,CUST050,REP01,REG01,2024-11-27,2024-11-29,Returned,Direct,2
ORD0280,CUST023,REP06,REG03,2024-11-28,2024-11-30,Completed,Partner,2
ORD0281,CUST080,REP05,REG03,2024-11-29,2024-12-01,Returned,Partner,2
ORD0282,CUST005,REP07,REG04,2024-11-29,2024-12-06,Returned,Partner,7
ORD0283,CUST075,REP06,REG03,2024-12-01,2024-12-04,Completed,Direct,3
ORD0284,CUST041,REP08,REG04,2024-12-02,2024-12-11,Cancelled,Direct,9
ORD0285,CUST087,REP07,REG04,2024-12-02,2024-12-05,Completed,Online,3
ORD0286,CUST084,REP06,REG03,2024-12-03,2024-12-06,Completed,Partner,3
ORD0287,CUST058,REP04,REG02,2024-12-04,2024-12-08,Completed,Online,4
ORD0288,CUST087,REP04,REG02,2024-12-04,2024-12-08,Completed,Direct,4
ORD0289,CUST015,REP05,REG03,2024-12-04,2024-12-07,Completed,Direct,3
ORD0290,CUST040,REP08,REG04,2024-12-04,2024-12-08,Completed,Direct,4
ORD0291,CUST077,REP05,REG03,2024-12-04,2024-12-06,Completed,Online,2
ORD0292,CUST068,REP08,REG04,2024-12-05,2024-12-08,Completed,Online,3
ORD0293,CUST079,REP06,REG03,2024-12-06,2024-12-07,Completed,Partner,1
ORD0294,CUST030,REP07,REG04,2024-12-06,2024-12-15,Returned,Direct,9
ORD0295,CUST070,REP06,REG03,2024-12-06,2024-12-08,Completed,Partner,2
ORD0296,CUST052,REP03,REG02,2024-12-06,2024-12-08,Completed,Direct,2
ORD0297,CUST007,REP01,REG01,2024-12-07,2024-12-10,Completed,Partner,3
ORD0298,CUST089,REP07,REG04,2024-12-08,2024-12-09,Completed,Direct,1
ORD0299,CUST088,REP08,REG04,2024-12-09,2024-12-20,Returned,Online,11
ORD0300,CUST078,REP01,REG01,2024-12-10,2024-12-13,Completed,Online,3
ORD0301,CUST097,REP05,REG03,2024-12-10,2024-12-14,Completed,Online,4
ORD0302,CUST086,REP02,REG01,2024-12-10,2024-12-12,Completed,Direct,2
ORD0303,CUST059,REP06,REG03,2024-12-10,2024-12-12,Returned,Direct,2
ORD0304,CUST045,REP04,REG02,2024-12-10,2024-12-11,Completed,Direct,1
ORD0305,CUST058,REP01,REG01,2024-12-11,2024-12-13,Completed,Direct,2
ORD0306,CUST062,REP03,REG02,2024-12-11,2024-12-16,Completed,Online,5
ORD0307,CUST021,REP02,REG01,2024-12-11,2024-12-13,Returned,Direct,2
ORD0308,CUST016,REP08,REG04,2024-12-12,2024-12-17,Completed,Online,5
ORD0309,CUST054,REP01,REG01,2024-12-13,2024-12-14,Completed,Direct,1
ORD0310,CUST061,REP07,REG04,2024-12-13,2024-12-22,Completed,Direct,9
ORD0311,CUST022,REP06,REG03,2024-12-13,2024-12-14,Completed,Online,1
ORD0312,CUST062,REP06,REG03,2024-12-14,2024-12-16,Completed,Direct,2
ORD0313,CUST063,REP07,REG04,2024-12-14,2024-12-28,Returned,Direct,14
ORD0314,CUST069,REP06,REG03,2024-12-14,2024-12-16,Completed,Online,2
ORD0315,CUST039,REP02,REG01,2024-12-14,2024-12-15,Completed,Online,1
ORD0316,CUST089,REP03,REG02,2024-12-14,2024-12-16,Completed,Direct,2
ORD0317,CUST051,REP02,REG01,2024-12-15,2024-12-16,Completed,Online,1
ORD0318,CUST064,REP02,REG01,2024-12-15,2024-12-16,Completed,Online,1
ORD0319,CUST017,REP02,REG01,2024-12-15,2024-12-19,Completed,Online,4
ORD0320,CUST058,REP01,REG01,2024-12-16,2024-12-18,Completed,Online,2
ORD0321,CUST018,REP04,REG02,2024-12-16,2024-12-17,Completed,Online,1
ORD0322,CUST016,REP05,REG03,2024-12-16,2024-12-17,Completed,Direct,1
ORD0323,CUST042,REP02,REG01,2024-12-16,2024-12-18,Completed,Online,2
ORD0324,CUST051,REP08,REG04,2024-12-17,2024-12-26,Completed,Direct,9
ORD0325,CUST062,REP06,REG03,2024-12-18,2024-12-23,Completed,Partner,5
ORD0326,CUST083,REP03,REG02,2024-12-18,2024-12-20,Completed,Partner,2
ORD0327,CUST061,REP07,REG04,2024-12-18,2025-01-01,Returned,Online,14
ORD0328,CUST059,REP06,REG03,2024-12-19,2024-12-20,Returned,Direct,1
ORD0329,CUST100,REP03,REG02,2024-12-19,2024-12-24,Completed,Direct,5
ORD0330,CUST050,REP04,REG02,2024-12-19,2024-12-22,Completed,Partner,3
ORD0331,CUST013,REP07,REG04,2024-12-19,2024-12-26,Returned,Online,7
ORD0332,CUST083,REP07,REG04,2024-12-19,2024-12-24,Completed,Online,5
ORD0333,CUST053,REP07,REG04,2024-12-19,2024-12-26,Cancelled,Online,7
ORD0334,CUST052,REP02,REG01,2024-12-20,2024-12-22,Completed,Direct,2
ORD0335,CUST063,REP07,REG04,2024-12-20,2024-12-21,Completed,Partner,1
ORD0336,CUST076,REP05,REG03,2024-12-20,2024-12-21,Completed,Online,1
ORD0337,CUST093,REP06,REG03,2024-12-20,2024-12-22,Completed,Online,2
ORD0338,CUST050,REP01,REG01,2024-12-20,2024-12-21,Cancelled,Online,1
ORD0339,CUST055,REP03,REG02,2024-12-21,2024-12-23,Completed,Online,2
ORD0340,CUST097,REP08,REG04,2024-12-21,2024-12-22,Completed,Online,1
ORD0341,CUST055,REP02,REG01,2024-12-21,2024-12-22,Completed,Online,1
ORD0342,CUST100,REP04,REG02,2024-12-23,2024-12-28,Completed,Direct,5
ORD0343,CUST025,REP04,REG02,2024-12-23,2024-12-25,Completed,Direct,2
ORD0344,CUST062,REP04,REG02,2024-12-23,2024-12-24,Completed,Direct,1
ORD0345,CUST099,REP02,REG01,2024-12-24,2024-12-26,Completed,Direct,2
ORD0346,CUST094,REP05,REG03,2024-12-24,2024-12-26,Completed,Online,2
ORD0347,CUST052,REP07,REG04,2024-12-24,2024-12-26,Completed,Direct,2
ORD0348,CUST026,REP05,REG03,2024-12-24,2024-12-25,Completed,Online,1
ORD0349,CUST097,REP02,REG01,2024-12-24,2024-12-26,Completed,Direct,2
ORD0350,CUST070,REP07,REG04,2024-12-25,2025-01-01,Cancelled,Online,7
ORD0351,CUST022,REP03,REG02,2024-12-25,2024-12-27,Completed,Direct,2
ORD0352,CUST082,REP06,REG03,2024-12-26,2024-12-31,Completed,Direct,5
ORD0353,CUST070,REP08,REG04,2024-12-26,2024-12-31,Completed,Online,5
ORD0354,CUST032,REP02,REG01,2024-12-26,2024-12-28,Completed,Direct,2
ORD0355,CUST094,REP03,REG02,2024-12-26,2024-12-27,Completed,Online,1
ORD0356,CUST003,REP06,REG03,2024-12-26,2024-12-27,Completed,Online,1
ORD0357,CUST090,REP07,REG04,2024-12-26,2025-01-09,Returned,Online,14
ORD0358,CUST026,REP06,REG03,2024-12-26,2024-12-29,Cancelled,Online,3
ORD0359,CUST080,REP04,REG02,2024-12-26,2024-12-28,Completed,Online,2
ORD0360,CUST022,REP07,REG04,2024-12-27,2025-01-05,Returned,Online,9
ORD0361,CUST018,REP05,REG03,2024-12-28,2024-12-29,Completed,Direct,1
ORD0362,CUST086,REP05,REG03,2024-12-28,2024-12-29,Completed,Partner,1
ORD0363,CUST047,REP07,REG04,2024-12-28,2025-01-08,Completed,Partner,11
ORD0364,CUST066,REP06,REG03,2024-12-28,2024-12-29,Completed,Online,1
ORD0365,CUST016,REP07,REG04,2024-12-29,2024-12-30,Returned,Online,1
ORD0366,CUST053,REP05,REG03,2024-12-30,2025-01-01,Completed,Online,2
ORD0367,CUST085,REP02,REG01,2024-12-30,2025-01-03,Completed,Online,4
ORD0368,CUST062,REP07,REG04,2024-12-30,2025-01-03,Completed,Partner,4
ORD0369,CUST079,REP05,REG03,2024-12-30,2025-01-02,Completed,Direct,3
ORD0370,CUST089,REP01,REG01,2024-12-30,2024-12-31,Completed,Online,1
ORD0371,CUST004,REP03,REG02,2024-12-31,2025-01-07,Cancelled,Partner,7
ORD0372,CUST048,REP05,REG03,2024-12-31,2025-01-01,Completed,Direct,1
ORD0373,CUST089,REP03,REG02,2024-12-31,2025-01-01,Completed,Direct,1
ORD0374,CUST001,REP02,REG01,2025-01-02,2025-01-04,Completed,Direct,2
ORD0375,CUST097,REP08,REG04,2025-01-02,2025-01-13,Returned,Direct,11
ORD0376,CUST058,REP08,REG04,2025-01-02,2025-01-04,Completed,Direct,2
ORD0377,CUST035,REP06,REG03,2025-01-05,2025-01-09,Completed,Direct,4
ORD0378,CUST079,REP03,REG02,2025-01-06,2025-01-08,Completed,Direct,2
ORD0379,CUST014,REP04,REG02,2025-01-07,2025-01-09,Completed,Partner,2
ORD0380,CUST019,REP04,REG02,2025-01-07,2025-01-10,Completed,Direct,3
ORD0381,CUST063,REP06,REG03,2025-01-08,2025-01-10,Completed,Online,2
ORD0382,CUST039,REP04,REG02,2025-01-08,2025-01-11,Completed,Online,3
ORD0383,CUST083,REP05,REG03,2025-01-09,2025-01-10,Completed,Online,1
ORD0384,CUST033,REP01,REG01,2025-01-09,2025-01-11,Completed,Online,2
ORD0385,CUST001,REP02,REG01,2025-01-10,2025-01-11,Returned,Partner,1
ORD0386,CUST093,REP07,REG04,2025-01-10,2025-01-24,Completed,Direct,14
ORD0387,CUST034,REP02,REG01,2025-01-11,2025-01-14,Completed,Direct,3
ORD0388,CUST095,REP05,REG03,2025-01-11,2025-01-13,Completed,Online,2
ORD0389,CUST051,REP03,REG02,2025-01-12,2025-01-17,Returned,Direct,5
ORD0390,CUST073,REP03,REG02,2025-01-13,2025-01-15,Completed,Online,2
ORD0391,CUST062,REP02,REG01,2025-01-18,2025-01-19,Completed,Online,1
ORD0392,CUST027,REP02,REG01,2025-01-19,2025-01-21,Completed,Online,2
ORD0393,CUST098,REP03,REG02,2025-01-19,2025-01-21,Completed,Direct,2
ORD0394,CUST037,REP06,REG03,2025-01-20,2025-01-23,Completed,Direct,3
ORD0395,CUST012,REP05,REG03,2025-01-24,2025-01-27,Completed,Online,3
ORD0396,CUST037,REP05,REG03,2025-01-27,2025-01-28,Completed,Online,1
ORD0397,CUST005,REP08,REG04,2025-01-28,2025-02-01,Completed,Online,4
ORD0398,CUST012,REP05,REG03,2025-01-29,2025-01-30,Completed,Direct,1
ORD0399,CUST068,REP01,REG01,2025-01-30,2025-01-31,Returned,Direct,1
ORD0400,CUST075,REP01,REG01,2025-01-30,2025-02-03,Completed,Direct,4
ORD0401,CUST016,REP06,REG03,2025-01-31,2025-02-02,Completed,Online,2
ORD0402,CUST076,REP01,REG01,2025-01-31,2025-02-01,Returned,Partner,1
ORD0403,CUST061,REP08,REG04,2025-02-01,2025-02-02,Completed,Direct,1
ORD0404,CUST051,REP04,REG02,2025-02-01,2025-02-03,Completed,Online,2
ORD0405,CUST040,REP08,REG04,2025-02-01,2025-02-10,Completed,Online,9
ORD0406,CUST077,REP07,REG04,2025-02-02,2025-02-13,Cancelled,Direct,11
ORD0407,CUST069,REP01,REG01,2025-02-03,2025-02-04,Completed,Partner,1
ORD0408,CUST009,REP04,REG02,2025-02-03,2025-02-04,Completed,Partner,1
ORD0409,CUST086,REP01,REG01,2025-02-04,2025-02-06,Returned,Online,2
ORD0410,CUST095,REP02,REG01,2025-02-04,2025-02-05,Completed,Direct,1
ORD0411,CUST022,REP01,REG01,2025-02-05,2025-02-07,Completed,Direct,2
ORD0412,CUST046,REP07,REG04,2025-02-05,2025-02-06,Completed,Direct,1
ORD0413,CUST080,REP04,REG02,2025-02-05,2025-02-07,Completed,Direct,2
ORD0414,CUST077,REP06,REG03,2025-02-06,2025-02-08,Completed,Direct,2
ORD0415,CUST020,REP08,REG04,2025-02-07,2025-02-11,Completed,Direct,4
ORD0416,CUST054,REP01,REG01,2025-02-07,2025-02-12,Completed,Direct,5
ORD0417,CUST043,REP07,REG04,2025-02-08,2025-02-09,Cancelled,Direct,1
ORD0418,CUST087,REP07,REG04,2025-02-10,2025-02-15,Completed,Online,5
ORD0419,CUST009,REP03,REG02,2025-02-11,2025-02-12,Cancelled,Partner,1
ORD0420,CUST089,REP07,REG04,2025-02-12,2025-02-19,Cancelled,Partner,7
ORD0421,CUST016,REP02,REG01,2025-02-12,2025-02-15,Completed,Direct,3
ORD0422,CUST063,REP02,REG01,2025-02-12,2025-02-13,Returned,Direct,1
ORD0423,CUST066,REP07,REG04,2025-02-12,2025-02-17,Completed,Online,5
ORD0424,CUST028,REP06,REG03,2025-02-14,2025-02-15,Completed,Direct,1
ORD0425,CUST094,REP04,REG02,2025-02-14,2025-02-15,Completed,Online,1
ORD0426,CUST060,REP05,REG03,2025-02-14,2025-02-16,Returned,Direct,2
ORD0427,CUST065,REP01,REG01,2025-02-16,2025-02-18,Completed,Online,2
ORD0428,CUST028,REP06,REG03,2025-02-17,2025-02-18,Completed,Direct,1
ORD0429,CUST068,REP05,REG03,2025-02-17,2025-02-24,Cancelled,Online,7
ORD0430,CUST042,REP02,REG01,2025-02-18,2025-02-22,Completed,Direct,4
ORD0431,CUST032,REP01,REG01,2025-02-18,2025-02-20,Cancelled,Online,2
ORD0432,CUST080,REP03,REG02,2025-02-21,2025-02-23,Completed,Direct,2
ORD0433,CUST052,REP01,REG01,2025-02-22,2025-02-24,Completed,Partner,2
ORD0434,CUST082,REP04,REG02,2025-02-23,2025-02-24,Completed,Online,1
ORD0435,CUST041,REP01,REG01,2025-02-25,2025-02-27,Completed,Direct,2
ORD0436,CUST063,REP04,REG02,2025-02-25,2025-02-28,Returned,Online,3
ORD0437,CUST023,REP06,REG03,2025-02-25,2025-02-28,Returned,Online,3
ORD0438,CUST065,REP06,REG03,2025-02-26,2025-02-28,Completed,Online,2
ORD0439,CUST022,REP06,REG03,2025-02-26,2025-02-28,Completed,Partner,2
ORD0440,CUST025,REP08,REG04,2025-02-26,2025-03-09,Returned,Online,11
ORD0441,CUST080,REP06,REG03,2025-02-26,2025-03-01,Completed,Partner,3
ORD0442,CUST004,REP05,REG03,2025-02-27,2025-03-01,Returned,Partner,2
ORD0443,CUST054,REP01,REG01,2025-02-28,2025-03-01,Cancelled,Partner,1
ORD0444,CUST035,REP02,REG01,2025-02-28,2025-03-02,Completed,Direct,2
ORD0445,CUST017,REP06,REG03,2025-02-28,2025-03-03,Completed,Partner,3
ORD0446,CUST044,REP06,REG03,2025-03-01,2025-03-03,Completed,Direct,2
ORD0447,CUST005,REP02,REG01,2025-03-02,2025-03-07,Completed,Direct,5
ORD0448,CUST058,REP07,REG04,2025-03-03,2025-03-12,Returned,Direct,9
ORD0449,CUST016,REP04,REG02,2025-03-05,2025-03-06,Completed,Online,1
ORD0450,CUST026,REP05,REG03,2025-03-05,2025-03-06,Returned,Direct,1
ORD0451,CUST010,REP02,REG01,2025-03-06,2025-03-10,Cancelled,Direct,4
ORD0452,CUST090,REP01,REG01,2025-03-07,2025-03-08,Returned,Direct,1
ORD0453,CUST030,REP02,REG01,2025-03-08,2025-03-12,Completed,Online,4
ORD0454,CUST043,REP05,REG03,2025-03-10,2025-03-12,Completed,Direct,2
ORD0455,CUST057,REP08,REG04,2025-03-10,2025-03-19,Returned,Direct,9
ORD0456,CUST006,REP08,REG04,2025-03-10,2025-03-24,Returned,Direct,14
ORD0457,CUST059,REP02,REG01,2025-03-11,2025-03-12,Returned,Online,1
ORD0458,CUST058,REP07,REG04,2025-03-11,2025-03-14,Completed,Direct,3
ORD0459,CUST048,REP08,REG04,2025-03-11,2025-03-18,Completed,Online,7
ORD0460,CUST071,REP06,REG03,2025-03-12,2025-03-14,Completed,Partner,2
ORD0461,CUST071,REP07,REG04,2025-03-13,2025-03-24,Returned,Partner,11
ORD0462,CUST017,REP04,REG02,2025-03-13,2025-03-14,Completed,Direct,1
ORD0463,CUST064,REP03,REG02,2025-03-13,2025-03-18,Cancelled,Direct,5
ORD0464,CUST062,REP04,REG02,2025-03-14,2025-03-15,Completed,Direct,1
ORD0465,CUST047,REP03,REG02,2025-03-14,2025-03-17,Completed,Direct,3
ORD0466,CUST059,REP02,REG01,2025-03-16,2025-03-18,Completed,Online,2
ORD0467,CUST096,REP01,REG01,2025-03-16,2025-03-17,Completed,Online,1
ORD0468,CUST027,REP02,REG01,2025-03-16,2025-03-20,Completed,Online,4
ORD0469,CUST090,REP07,REG04,2025-03-17,2025-03-18,Completed,Online,1
ORD0470,CUST088,REP05,REG03,2025-03-17,2025-03-18,Completed,Online,1
ORD0471,CUST005,REP06,REG03,2025-03-18,2025-03-22,Returned,Online,4
ORD0472,CUST051,REP01,REG01,2025-03-19,2025-03-23,Completed,Direct,4
ORD0473,CUST045,REP02,REG01,2025-03-19,2025-03-21,Cancelled,Direct,2
ORD0474,CUST060,REP06,REG03,2025-03-20,2025-03-22,Completed,Online,2
ORD0475,CUST096,REP07,REG04,2025-03-20,2025-03-25,Completed,Partner,5
ORD0476,CUST098,REP03,REG02,2025-03-20,2025-03-24,Completed,Online,4
ORD0477,CUST030,REP01,REG01,2025-03-21,2025-03-23,Completed,Partner,2
ORD0478,CUST038,REP06,REG03,2025-03-21,2025-03-23,Completed,Direct,2
ORD0479,CUST033,REP02,REG01,2025-03-22,2025-03-23,Completed,Direct,1
ORD0480,CUST052,REP08,REG04,2025-03-22,2025-03-25,Completed,Direct,3
ORD0481,CUST058,REP02,REG01,2025-03-23,2025-03-26,Completed,Direct,3
ORD0482,CUST045,REP04,REG02,2025-03-23,2025-03-25,Completed,Online,2
ORD0483,CUST015,REP01,REG01,2025-03-23,2025-03-24,Completed,Online,1
ORD0484,CUST083,REP01,REG01,2025-03-23,2025-03-28,Completed,Partner,5
ORD0485,CUST058,REP05,REG03,2025-03-25,2025-03-26,Completed,Partner,1
ORD0486,CUST073,REP05,REG03,2025-03-25,2025-04-01,Cancelled,Online,7
ORD0487,CUST039,REP06,REG03,2025-03-25,2025-03-26,Completed,Direct,1
ORD0488,CUST038,REP05,REG03,2025-03-26,2025-03-30,Completed,Direct,4
ORD0489,CUST076,REP05,REG03,2025-03-26,2025-03-29,Returned,Online,3
ORD0490,CUST013,REP07,REG04,2025-03-26,2025-04-09,Completed,Online,14
ORD0491,CUST008,REP07,REG04,2025-03-26,2025-04-04,Completed,Online,9
ORD0492,CUST091,REP04,REG02,2025-03-26,2025-03-28,Completed,Partner,2
ORD0493,CUST087,REP03,REG02,2025-03-27,2025-03-28,Completed,Direct,1
ORD0494,CUST100,REP05,REG03,2025-03-28,2025-03-30,Completed,Online,2
ORD0495,CUST032,REP06,REG03,2025-03-29,2025-03-31,Completed,Direct,2
ORD0496,CUST080,REP06,REG03,2025-03-29,2025-03-31,Completed,Direct,2
ORD0497,CUST030,REP02,REG01,2025-03-29,2025-03-31,Completed,Online,2
ORD0498,CUST023,REP05,REG03,2025-03-30,2025-04-01,Completed,Direct,2
ORD0499,CUST098,REP08,REG04,2025-03-31,2025-04-04,Completed,Direct,4
ORD0500,CUST009,REP03,REG02,2025-04-01,2025-04-04,Completed,Direct,3
ORD0501,CUST018,REP03,REG02,2025-04-01,2025-04-02,Completed,Online,1
ORD0502,CUST073,REP07,REG04,2025-04-02,2025-04-03,Completed,Online,1
ORD0503,CUST001,REP04,REG02,2025-04-02,2025-04-04,Completed,Partner,2
ORD0504,CUST033,REP01,REG01,2025-04-03,2025-04-05,Completed,Direct,2
ORD0505,CUST080,REP02,REG01,2025-04-03,2025-04-04,Completed,Direct,1
ORD0506,CUST076,REP05,REG03,2025-04-03,2025-04-07,Completed,Online,4
ORD0507,CUST070,REP03,REG02,2025-04-04,2025-04-09,Completed,Direct,5
ORD0508,CUST041,REP07,REG04,2025-04-05,2025-04-14,Returned,Online,9
ORD0509,CUST098,REP03,REG02,2025-04-05,2025-04-09,Completed,Online,4
ORD0510,CUST005,REP05,REG03,2025-04-05,2025-04-06,Completed,Online,1
ORD0511,CUST020,REP01,REG01,2025-04-06,2025-04-08,Completed,Online,2
ORD0512,CUST031,REP08,REG04,2025-04-07,2025-04-11,Completed,Online,4
ORD0513,CUST038,REP02,REG01,2025-04-07,2025-04-09,Completed,Online,2
ORD0514,CUST012,REP02,REG01,2025-04-07,2025-04-09,Completed,Direct,2
ORD0515,CUST096,REP04,REG02,2025-04-08,2025-04-10,Completed,Partner,2
ORD0516,CUST070,REP03,REG02,2025-04-08,2025-04-10,Completed,Partner,2
ORD0517,CUST092,REP04,REG02,2025-04-08,2025-04-10,Completed,Direct,2
ORD0518,CUST017,REP08,REG04,2025-04-08,2025-04-17,Cancelled,Online,9
ORD0519,CUST050,REP04,REG02,2025-04-08,2025-04-11,Completed,Direct,3
ORD0520,CUST065,REP01,REG01,2025-04-08,2025-04-11,Completed,Partner,3
ORD0521,CUST021,REP02,REG01,2025-04-09,2025-04-11,Completed,Direct,2
ORD0522,CUST064,REP06,REG03,2025-04-09,2025-04-12,Completed,Partner,3
ORD0523,CUST036,REP06,REG03,2025-04-09,2025-04-11,Completed,Direct,2
ORD0524,CUST091,REP07,REG04,2025-04-10,2025-04-19,Completed,Online,9
ORD0525,CUST036,REP01,REG01,2025-04-10,2025-04-12,Returned,Direct,2
ORD0526,CUST058,REP08,REG04,2025-04-10,2025-04-21,Cancelled,Online,11
ORD0527,CUST070,REP03,REG02,2025-04-11,2025-04-12,Completed,Direct,1
ORD0528,CUST001,REP05,REG03,2025-04-11,2025-04-14,Completed,Online,3
ORD0529,CUST063,REP04,REG02,2025-04-12,2025-04-14,Completed,Online,2
ORD0530,CUST033,REP07,REG04,2025-04-12,2025-04-19,Completed,Online,7
ORD0531,CUST024,REP01,REG01,2025-04-12,2025-04-14,Completed,Online,2
ORD0532,CUST070,REP03,REG02,2025-04-12,2025-04-13,Completed,Direct,1
ORD0533,CUST069,REP04,REG02,2025-04-14,2025-04-16,Completed,Online,2
ORD0534,CUST070,REP08,REG04,2025-04-14,2025-04-19,Completed,Online,5
ORD0535,CUST060,REP01,REG01,2025-04-15,2025-04-18,Completed,Direct,3
ORD0536,CUST087,REP05,REG03,2025-04-16,2025-04-21,Completed,Direct,5
ORD0537,CUST045,REP06,REG03,2025-04-16,2025-04-19,Completed,Partner,3
ORD0538,CUST053,REP08,REG04,2025-04-16,2025-04-25,Completed,Online,9
ORD0539,CUST089,REP06,REG03,2025-04-17,2025-04-19,Completed,Partner,2
ORD0540,CUST024,REP02,REG01,2025-04-17,2025-04-20,Completed,Online,3
ORD0541,CUST088,REP07,REG04,2025-04-18,2025-04-29,Completed,Direct,11
ORD0542,CUST011,REP04,REG02,2025-04-19,2025-04-21,Completed,Online,2
ORD0543,CUST084,REP02,REG01,2025-04-20,2025-04-22,Completed,Online,2
ORD0544,CUST009,REP08,REG04,2025-04-20,2025-04-27,Cancelled,Online,7
ORD0545,CUST025,REP03,REG02,2025-04-21,2025-04-23,Completed,Online,2
ORD0546,CUST069,REP06,REG03,2025-04-21,2025-04-23,Completed,Online,2
ORD0547,CUST055,REP04,REG02,2025-04-22,2025-04-23,Completed,Partner,1
ORD0548,CUST095,REP07,REG04,2025-04-23,2025-05-04,Returned,Direct,11
ORD0549,CUST088,REP04,REG02,2025-04-24,2025-04-28,Completed,Online,4
ORD0550,CUST036,REP03,REG02,2025-04-25,2025-04-27,Completed,Online,2
ORD0551,CUST100,REP02,REG01,2025-04-25,2025-04-27,Completed,Online,2
ORD0552,CUST099,REP07,REG04,2025-04-25,2025-05-04,Returned,Direct,9
ORD0553,CUST009,REP01,REG01,2025-04-26,2025-04-29,Completed,Online,3
ORD0554,CUST047,REP03,REG02,2025-04-26,2025-04-29,Completed,Direct,3
ORD0555,CUST003,REP04,REG02,2025-04-27,2025-04-29,Completed,Direct,2
ORD0556,CUST100,REP04,REG02,2025-04-29,2025-05-02,Completed,Direct,3
ORD0557,CUST005,REP05,REG03,2025-04-29,2025-05-04,Completed,Partner,5
ORD0558,CUST021,REP06,REG03,2025-04-30,2025-05-02,Completed,Direct,2
ORD0559,CUST065,REP08,REG04,2025-04-30,2025-05-07,Returned,Online,7
ORD0560,CUST028,REP04,REG02,2025-04-30,2025-05-05,Completed,Partner,5
ORD0561,CUST062,REP02,REG01,2025-05-01,2025-05-02,Completed,Direct,1
ORD0562,CUST067,REP05,REG03,2025-05-01,2025-05-02,Completed,Online,1
ORD0563,CUST043,REP06,REG03,2025-05-02,2025-05-04,Completed,Online,2
ORD0564,CUST025,REP06,REG03,2025-05-02,2025-05-03,Completed,Online,1
ORD0565,CUST041,REP07,REG04,2025-05-02,2025-05-06,Completed,Partner,4
ORD0566,CUST088,REP05,REG03,2025-05-03,2025-05-06,Cancelled,Online,3
ORD0567,CUST056,REP01,REG01,2025-05-03,2025-05-05,Returned,Online,2
ORD0568,CUST063,REP04,REG02,2025-05-05,2025-05-06,Completed,Direct,1
ORD0569,CUST039,REP05,REG03,2025-05-06,2025-05-09,Completed,Direct,3
ORD0570,CUST050,REP08,REG04,2025-05-07,2025-05-12,Completed,Partner,5
ORD0571,CUST077,REP02,REG01,2025-05-08,2025-05-09,Completed,Online,1
ORD0572,CUST071,REP04,REG02,2025-05-10,2025-05-13,Completed,Partner,3
ORD0573,CUST007,REP07,REG04,2025-05-11,2025-05-16,Completed,Online,5
ORD0574,CUST016,REP06,REG03,2025-05-11,2025-05-13,Completed,Direct,2
ORD0575,CUST071,REP04,REG02,2025-05-12,2025-05-14,Completed,Direct,2
ORD0576,CUST020,REP01,REG01,2025-05-12,2025-05-14,Completed,Online,2
ORD0577,CUST007,REP01,REG01,2025-05-12,2025-05-13,Completed,Direct,1
ORD0578,CUST039,REP05,REG03,2025-05-13,2025-05-15,Completed,Online,2
ORD0579,CUST077,REP01,REG01,2025-05-13,2025-05-16,Completed,Direct,3
ORD0580,CUST035,REP05,REG03,2025-05-14,2025-05-19,Returned,Direct,5
ORD0581,CUST015,REP06,REG03,2025-05-14,2025-05-15,Completed,Online,1
ORD0582,CUST073,REP01,REG01,2025-05-16,2025-05-18,Returned,Online,2
ORD0583,CUST090,REP06,REG03,2025-05-17,2025-05-18,Completed,Partner,1
ORD0584,CUST028,REP05,REG03,2025-05-18,2025-05-19,Completed,Online,1
ORD0585,CUST007,REP08,REG04,2025-05-18,2025-05-19,Completed,Direct,1
ORD0586,CUST065,REP08,REG04,2025-05-18,2025-05-20,Completed,Direct,2
ORD0587,CUST063,REP02,REG01,2025-05-19,2025-05-21,Completed,Online,2
ORD0588,CUST053,REP03,REG02,2025-05-20,2025-05-21,Returned,Partner,1
ORD0589,CUST041,REP06,REG03,2025-05-20,2025-05-21,Completed,Online,1
ORD0590,CUST055,REP06,REG03,2025-05-21,2025-05-23,Completed,Partner,2
ORD0591,CUST019,REP05,REG03,2025-05-21,2025-05-24,Completed,Direct,3
ORD0592,CUST040,REP03,REG02,2025-05-22,2025-05-23,Returned,Direct,1
ORD0593,CUST086,REP02,REG01,2025-05-22,2025-05-24,Completed,Online,2
ORD0594,CUST087,REP04,REG02,2025-05-22,2025-05-24,Returned,Direct,2
ORD0595,CUST041,REP03,REG02,2025-05-23,2025-05-27,Completed,Partner,4
ORD0596,CUST074,REP03,REG02,2025-05-23,2025-05-24,Completed,Direct,1
ORD0597,CUST036,REP04,REG02,2025-05-23,2025-05-24,Completed,Online,1
ORD0598,CUST091,REP03,REG02,2025-05-23,2025-05-26,Completed,Partner,3
ORD0599,CUST057,REP04,REG02,2025-05-25,2025-05-27,Completed,Direct,2
ORD0600,CUST067,REP06,REG03,2025-05-25,2025-05-27,Completed,Partner,2
ORD0601,CUST096,REP02,REG01,2025-05-26,2025-05-29,Completed,Online,3
ORD0602,CUST058,REP03,REG02,2025-05-27,2025-05-30,Completed,Direct,3
ORD0603,CUST041,REP05,REG03,2025-05-27,2025-05-31,Completed,Online,4
ORD0604,CUST001,REP08,REG04,2025-05-27,2025-05-29,Completed,Online,2
ORD0605,CUST038,REP02,REG01,2025-05-28,2025-05-30,Completed,Direct,2
ORD0606,CUST075,REP02,REG01,2025-05-29,2025-05-31,Completed,Partner,2
ORD0607,CUST080,REP08,REG04,2025-05-30,2025-05-31,Completed,Direct,1
ORD0608,CUST080,REP01,REG01,2025-05-30,2025-05-31,Completed,Direct,1
ORD0609,CUST044,REP03,REG02,2025-05-31,2025-06-02,Completed,Partner,2
ORD0610,CUST061,REP01,REG01,2025-05-31,2025-06-02,Completed,Partner,2
ORD0611,CUST036,REP08,REG04,2025-06-03,2025-06-05,Completed,Direct,2
ORD0612,CUST095,REP03,REG02,2025-06-03,2025-06-05,Completed,Direct,2
ORD0613,CUST007,REP08,REG04,2025-06-03,2025-06-05,Completed,Direct,2
ORD0614,CUST095,REP04,REG02,2025-06-03,2025-06-05,Completed,Online,2
ORD0615,CUST088,REP03,REG02,2025-06-03,2025-06-05,Completed,Online,2
ORD0616,CUST092,REP02,REG01,2025-06-04,2025-06-07,Completed,Direct,3
ORD0617,CUST053,REP07,REG04,2025-06-04,2025-06-09,Completed,Partner,5
ORD0618,CUST069,REP08,REG04,2025-06-04,2025-06-15,Cancelled,Direct,11
ORD0619,CUST044,REP02,REG01,2025-06-06,2025-06-10,Completed,Online,4
ORD0620,CUST099,REP05,REG03,2025-06-08,2025-06-11,Completed,Online,3
ORD0621,CUST012,REP01,REG01,2025-06-08,2025-06-09,Completed,Online,1
ORD0622,CUST019,REP06,REG03,2025-06-09,2025-06-10,Completed,Direct,1
ORD0623,CUST038,REP07,REG04,2025-06-10,2025-06-13,Completed,Partner,3
ORD0624,CUST078,REP08,REG04,2025-06-10,2025-06-14,Completed,Online,4
ORD0625,CUST073,REP06,REG03,2025-06-11,2025-06-13,Completed,Online,2
ORD0626,CUST097,REP04,REG02,2025-06-11,2025-06-13,Completed,Partner,2
ORD0627,CUST021,REP06,REG03,2025-06-11,2025-06-12,Cancelled,Direct,1
ORD0628,CUST082,REP02,REG01,2025-06-11,2025-06-12,Completed,Partner,1
ORD0629,CUST083,REP04,REG02,2025-06-13,2025-06-20,Returned,Direct,7
ORD0630,CUST005,REP05,REG03,2025-06-13,2025-06-15,Completed,Partner,2
ORD0631,CUST092,REP08,REG04,2025-06-14,2025-06-16,Completed,Partner,2
ORD0632,CUST003,REP04,REG02,2025-06-14,2025-06-19,Completed,Direct,5
ORD0633,CUST066,REP02,REG01,2025-06-15,2025-06-17,Completed,Direct,2
ORD0634,CUST007,REP01,REG01,2025-06-17,2025-06-20,Completed,Partner,3
ORD0635,CUST048,REP06,REG03,2025-06-17,2025-06-19,Cancelled,Direct,2
ORD0636,CUST037,REP07,REG04,2025-06-17,2025-06-24,Returned,Direct,7
ORD0637,CUST086,REP06,REG03,2025-06-18,2025-06-21,Completed,Partner,3
ORD0638,CUST069,REP05,REG03,2025-06-18,2025-06-21,Completed,Online,3
ORD0639,CUST002,REP08,REG04,2025-06-18,2025-06-22,Completed,Online,4
ORD0640,CUST032,REP04,REG02,2025-06-19,2025-06-21,Completed,Partner,2
ORD0641,CUST037,REP01,REG01,2025-06-19,2025-06-21,Completed,Direct,2
ORD0642,CUST028,REP06,REG03,2025-06-21,2025-06-25,Completed,Online,4
ORD0643,CUST093,REP05,REG03,2025-06-22,2025-06-25,Completed,Partner,3
ORD0644,CUST037,REP04,REG02,2025-06-22,2025-06-23,Completed,Direct,1
ORD0645,CUST019,REP06,REG03,2025-06-23,2025-06-28,Completed,Direct,5
ORD0646,CUST099,REP08,REG04,2025-06-23,2025-06-27,Completed,Partner,4
ORD0647,CUST079,REP06,REG03,2025-06-23,2025-06-30,Cancelled,Partner,7
ORD0648,CUST079,REP05,REG03,2025-06-23,2025-06-25,Completed,Direct,2
ORD0649,CUST073,REP01,REG01,2025-06-23,2025-06-25,Completed,Partner,2
ORD0650,CUST085,REP02,REG01,2025-06-24,2025-06-26,Completed,Direct,2
ORD0651,CUST046,REP07,REG04,2025-06-24,2025-06-26,Completed,Direct,2
ORD0652,CUST068,REP05,REG03,2025-06-25,2025-06-26,Completed,Partner,1
ORD0653,CUST097,REP07,REG04,2025-06-25,2025-06-30,Completed,Online,5
ORD0654,CUST022,REP08,REG04,2025-06-25,2025-07-04,Returned,Partner,9
ORD0655,CUST069,REP04,REG02,2025-06-26,2025-06-29,Completed,Direct,3
ORD0656,CUST036,REP08,REG04,2025-06-26,2025-07-07,Returned,Online,11
ORD0657,CUST043,REP06,REG03,2025-06-27,2025-06-28,Completed,Direct,1
ORD0658,CUST005,REP02,REG01,2025-06-27,2025-06-30,Completed,Direct,3
ORD0659,CUST055,REP02,REG01,2025-06-28,2025-06-30,Completed,Direct,2
ORD0660,CUST060,REP05,REG03,2025-06-28,2025-07-03,Completed,Direct,5
ORD0661,CUST099,REP04,REG02,2025-06-28,2025-06-30,Completed,Direct,2
ORD0662,CUST084,REP08,REG04,2025-06-28,2025-07-01,Completed,Partner,3
ORD0663,CUST063,REP03,REG02,2025-06-28,2025-06-30,Completed,Online,2
ORD0664,CUST055,REP02,REG01,2025-06-29,2025-06-30,Completed,Direct,1
ORD0665,CUST073,REP05,REG03,2025-06-29,2025-07-03,Completed,Direct,4
ORD0666,CUST096,REP06,REG03,2025-06-29,2025-06-30,Completed,Partner,1
ORD0667,CUST042,REP01,REG01,2025-06-29,2025-07-02,Returned,Online,3
ORD0668,CUST059,REP02,REG01,2025-06-30,2025-07-04,Completed,Direct,4
ORD0669,CUST059,REP01,REG01,2025-06-30,2025-07-01,Cancelled,Online,1
ORD0670,CUST058,REP03,REG02,2025-07-02,2025-07-03,Completed,Direct,1
ORD0671,CUST024,REP03,REG02,2025-07-02,2025-07-06,Completed,Direct,4
ORD0672,CUST072,REP06,REG03,2025-07-04,2025-07-05,Completed,Partner,1
ORD0673,CUST097,REP08,REG04,2025-07-05,2025-07-10,Completed,Online,5
ORD0674,CUST099,REP07,REG04,2025-07-05,2025-07-10,Completed,Direct,5
ORD0675,CUST057,REP02,REG01,2025-07-06,2025-07-07,Completed,Online,1
ORD0676,CUST068,REP03,REG02,2025-07-06,2025-07-08,Completed,Online,2
ORD0677,CUST062,REP08,REG04,2025-07-08,2025-07-17,Returned,Online,9
ORD0678,CUST078,REP04,REG02,2025-07-09,2025-07-12,Completed,Online,3
ORD0679,CUST045,REP07,REG04,2025-07-09,2025-07-12,Completed,Direct,3
ORD0680,CUST077,REP05,REG03,2025-07-09,2025-07-13,Completed,Partner,4
ORD0681,CUST020,REP03,REG02,2025-07-09,2025-07-10,Completed,Online,1
ORD0682,CUST006,REP08,REG04,2025-07-09,2025-07-10,Cancelled,Direct,1
ORD0683,CUST022,REP02,REG01,2025-07-10,2025-07-11,Completed,Online,1
ORD0684,CUST034,REP03,REG02,2025-07-10,2025-07-13,Completed,Direct,3
ORD0685,CUST008,REP06,REG03,2025-07-11,2025-07-16,Completed,Direct,5
ORD0686,CUST059,REP01,REG01,2025-07-11,2025-07-12,Completed,Direct,1
ORD0687,CUST015,REP05,REG03,2025-07-11,2025-07-12,Completed,Direct,1
ORD0688,CUST008,REP08,REG04,2025-07-11,2025-07-12,Completed,Direct,1
ORD0689,CUST093,REP04,REG02,2025-07-12,2025-07-13,Returned,Partner,1
ORD0690,CUST100,REP01,REG01,2025-07-12,2025-07-14,Completed,Online,2
ORD0691,CUST009,REP04,REG02,2025-07-14,2025-07-15,Completed,Partner,1
ORD0692,CUST024,REP07,REG04,2025-07-15,2025-07-19,Completed,Online,4
ORD0693,CUST008,REP04,REG02,2025-07-18,2025-07-20,Completed,Online,2
ORD0694,CUST017,REP03,REG02,2025-07-18,2025-07-20,Completed,Direct,2
ORD0695,CUST021,REP06,REG03,2025-07-19,2025-07-22,Completed,Direct,3
ORD0696,CUST041,REP02,REG01,2025-07-20,2025-07-22,Completed,Direct,2
ORD0697,CUST072,REP06,REG03,2025-07-20,2025-07-22,Completed,Online,2
ORD0698,CUST008,REP03,REG02,2025-07-21,2025-07-22,Completed,Online,1
ORD0699,CUST028,REP08,REG04,2025-07-21,2025-07-26,Completed,Online,5
ORD0700,CUST023,REP03,REG02,2025-07-21,2025-07-23,Completed,Online,2
ORD0701,CUST089,REP08,REG04,2025-07-22,2025-08-02,Returned,Online,11
ORD0702,CUST033,REP06,REG03,2025-07-23,2025-07-28,Completed,Direct,5
ORD0703,CUST093,REP07,REG04,2025-07-23,2025-07-30,Completed,Online,7
ORD0704,CUST076,REP06,REG03,2025-07-23,2025-07-28,Completed,Online,5
ORD0705,CUST040,REP03,REG02,2025-07-24,2025-07-25,Completed,Direct,1
ORD0706,CUST096,REP07,REG04,2025-07-24,2025-07-25,Completed,Online,1
ORD0707,CUST007,REP04,REG02,2025-07-26,2025-07-28,Returned,Direct,2
ORD0708,CUST089,REP02,REG01,2025-07-27,2025-08-01,Completed,Direct,5
ORD0709,CUST021,REP07,REG04,2025-07-27,2025-07-28,Completed,Partner,1
ORD0710,CUST026,REP02,REG01,2025-07-28,2025-07-29,Cancelled,Partner,1
ORD0711,CUST029,REP04,REG02,2025-07-28,2025-07-30,Completed,Direct,2
ORD0712,CUST100,REP03,REG02,2025-07-28,2025-07-30,Completed,Online,2
ORD0713,CUST081,REP06,REG03,2025-07-28,2025-07-29,Completed,Partner,1
ORD0714,CUST018,REP07,REG04,2025-07-29,2025-08-09,Cancelled,Online,11
ORD0715,CUST071,REP06,REG03,2025-07-29,2025-08-01,Completed,Online,3
ORD0716,CUST031,REP04,REG02,2025-07-29,2025-08-01,Completed,Direct,3
ORD0717,CUST072,REP06,REG03,2025-07-30,2025-07-31,Completed,Partner,1
ORD0718,CUST096,REP05,REG03,2025-07-31,2025-08-01,Returned,Direct,1
ORD0719,CUST054,REP04,REG02,2025-08-01,2025-08-03,Completed,Direct,2
ORD0720,CUST086,REP05,REG03,2025-08-01,2025-08-02,Returned,Online,1
ORD0721,CUST023,REP01,REG01,2025-08-02,2025-08-04,Completed,Direct,2
ORD0722,CUST051,REP04,REG02,2025-08-02,2025-08-06,Completed,Direct,4
ORD0723,CUST091,REP02,REG01,2025-08-03,2025-08-05,Completed,Direct,2
ORD0724,CUST043,REP02,REG01,2025-08-03,2025-08-05,Completed,Direct,2
ORD0725,CUST063,REP01,REG01,2025-08-03,2025-08-05,Completed,Direct,2
ORD0726,CUST045,REP02,REG01,2025-08-03,2025-08-07,Completed,Online,4
ORD0727,CUST076,REP07,REG04,2025-08-03,2025-08-05,Completed,Direct,2
ORD0728,CUST093,REP04,REG02,2025-08-03,2025-08-05,Completed,Online,2
ORD0729,CUST050,REP02,REG01,2025-08-04,2025-08-06,Completed,Online,2
ORD0730,CUST005,REP08,REG04,2025-08-04,2025-08-08,Completed,Online,4
ORD0731,CUST013,REP07,REG04,2025-08-05,2025-08-07,Completed,Online,2
ORD0732,CUST029,REP07,REG04,2025-08-05,2025-08-10,Cancelled,Online,5
ORD0733,CUST062,REP04,REG02,2025-08-06,2025-08-07,Returned,Direct,1
ORD0734,CUST056,REP07,REG04,2025-08-06,2025-08-13,Returned,Direct,7
ORD0735,CUST072,REP03,REG02,2025-08-07,2025-08-11,Completed,Online,4
ORD0736,CUST057,REP04,REG02,2025-08-07,2025-08-08,Completed,Direct,1
ORD0737,CUST088,REP01,REG01,2025-08-07,2025-08-10,Completed,Partner,3
ORD0738,CUST020,REP01,REG01,2025-08-08,2025-08-10,Completed,Direct,2
ORD0739,CUST076,REP04,REG02,2025-08-08,2025-08-10,Completed,Online,2
ORD0740,CUST002,REP03,REG02,2025-08-08,2025-08-10,Returned,Direct,2
ORD0741,CUST050,REP05,REG03,2025-08-09,2025-08-10,Completed,Direct,1
ORD0742,CUST001,REP08,REG04,2025-08-09,2025-08-16,Cancelled,Direct,7
ORD0743,CUST015,REP06,REG03,2025-08-09,2025-08-11,Returned,Direct,2
ORD0744,CUST011,REP07,REG04,2025-08-10,2025-08-17,Completed,Partner,7
ORD0745,CUST085,REP04,REG02,2025-08-10,2025-08-11,Completed,Online,1
ORD0746,CUST059,REP05,REG03,2025-08-10,2025-08-12,Completed,Online,2
ORD0747,CUST033,REP06,REG03,2025-08-10,2025-08-11,Cancelled,Partner,1
ORD0748,CUST069,REP01,REG01,2025-08-10,2025-08-11,Completed,Partner,1
ORD0749,CUST055,REP05,REG03,2025-08-10,2025-08-11,Completed,Partner,1
ORD0750,CUST032,REP07,REG04,2025-08-11,2025-08-16,Completed,Online,5
ORD0751,CUST063,REP05,REG03,2025-08-12,2025-08-14,Completed,Online,2
ORD0752,CUST061,REP04,REG02,2025-08-12,2025-08-16,Returned,Online,4
ORD0753,CUST035,REP07,REG04,2025-08-13,2025-08-15,Completed,Online,2
ORD0754,CUST012,REP02,REG01,2025-08-14,2025-08-15,Completed,Direct,1
ORD0755,CUST075,REP01,REG01,2025-08-14,2025-08-17,Completed,Partner,3
ORD0756,CUST030,REP05,REG03,2025-08-15,2025-08-18,Completed,Direct,3
ORD0757,CUST032,REP05,REG03,2025-08-15,2025-08-16,Completed,Online,1
ORD0758,CUST091,REP02,REG01,2025-08-15,2025-08-17,Completed,Direct,2
ORD0759,CUST058,REP06,REG03,2025-08-16,2025-08-17,Completed,Online,1
ORD0760,CUST004,REP01,REG01,2025-08-16,2025-08-17,Returned,Partner,1
ORD0761,CUST007,REP04,REG02,2025-08-16,2025-08-18,Returned,Direct,2
ORD0762,CUST085,REP08,REG04,2025-08-17,2025-08-26,Returned,Partner,9
ORD0763,CUST073,REP07,REG04,2025-08-17,2025-08-24,Returned,Online,7
ORD0764,CUST084,REP01,REG01,2025-08-18,2025-08-22,Completed,Online,4
ORD0765,CUST073,REP04,REG02,2025-08-19,2025-08-21,Completed,Partner,2
ORD0766,CUST064,REP01,REG01,2025-08-19,2025-08-22,Completed,Direct,3
ORD0767,CUST050,REP08,REG04,2025-08-19,2025-08-24,Completed,Online,5
ORD0768,CUST090,REP03,REG02,2025-08-19,2025-08-20,Completed,Online,1
ORD0769,CUST054,REP03,REG02,2025-08-20,2025-08-22,Completed,Online,2
ORD0770,CUST026,REP04,REG02,2025-08-21,2025-08-25,Completed,Direct,4
ORD0771,CUST012,REP03,REG02,2025-08-21,2025-08-23,Completed,Direct,2
ORD0772,CUST069,REP02,REG01,2025-08-22,2025-08-24,Cancelled,Online,2
ORD0773,CUST058,REP03,REG02,2025-08-22,2025-08-24,Completed,Direct,2
ORD0774,CUST023,REP03,REG02,2025-08-23,2025-08-25,Completed,Direct,2
ORD0775,CUST084,REP05,REG03,2025-08-23,2025-08-27,Completed,Direct,4
ORD0776,CUST044,REP04,REG02,2025-08-25,2025-08-27,Completed,Direct,2
ORD0777,CUST094,REP01,REG01,2025-08-25,2025-08-27,Completed,Direct,2
ORD0778,CUST083,REP07,REG04,2025-08-25,2025-08-30,Completed,Online,5
ORD0779,CUST023,REP04,REG02,2025-08-25,2025-08-26,Completed,Direct,1
ORD0780,CUST043,REP01,REG01,2025-08-26,2025-08-27,Completed,Direct,1
ORD0781,CUST050,REP03,REG02,2025-08-28,2025-08-30,Completed,Online,2
ORD0782,CUST065,REP03,REG02,2025-08-28,2025-08-29,Completed,Partner,1
ORD0783,CUST026,REP06,REG03,2025-08-29,2025-08-30,Completed,Online,1
ORD0784,CUST097,REP08,REG04,2025-08-29,2025-09-03,Completed,Partner,5
ORD0785,CUST005,REP04,REG02,2025-08-30,2025-09-01,Completed,Direct,2
ORD0786,CUST097,REP02,REG01,2025-08-30,2025-09-02,Completed,Online,3
ORD0787,CUST046,REP07,REG04,2025-08-30,2025-09-06,Cancelled,Direct,7
ORD0788,CUST094,REP08,REG04,2025-08-31,2025-09-07,Returned,Online,7
ORD0789,CUST006,REP04,REG02,2025-08-31,2025-09-03,Completed,Online,3
ORD0790,CUST075,REP04,REG02,2025-09-02,2025-09-04,Completed,Online,2
ORD0791,CUST030,REP04,REG02,2025-09-02,2025-09-03,Completed,Online,1
ORD0792,CUST046,REP05,REG03,2025-09-03,2025-09-05,Completed,Online,2
ORD0793,CUST002,REP07,REG04,2025-09-03,2025-09-12,Cancelled,Partner,9
ORD0794,CUST021,REP08,REG04,2025-09-04,2025-09-11,Cancelled,Online,7
ORD0795,CUST060,REP06,REG03,2025-09-04,2025-09-06,Completed,Partner,2
ORD0796,CUST002,REP06,REG03,2025-09-04,2025-09-07,Completed,Direct,3
ORD0797,CUST023,REP06,REG03,2025-09-05,2025-09-12,Returned,Direct,7
ORD0798,CUST069,REP03,REG02,2025-09-05,2025-09-08,Completed,Direct,3
ORD0799,CUST046,REP05,REG03,2025-09-06,2025-09-07,Completed,Online,1
ORD0800,CUST051,REP04,REG02,2025-09-06,2025-09-07,Completed,Direct,1
ORD0801,CUST010,REP01,REG01,2025-09-08,2025-09-10,Completed,Online,2
ORD0802,CUST068,REP03,REG02,2025-09-08,2025-09-11,Completed,Online,3
ORD0803,CUST011,REP03,REG02,2025-09-08,2025-09-10,Returned,Partner,2
ORD0804,CUST008,REP03,REG02,2025-09-09,2025-09-11,Completed,Online,2
ORD0805,CUST008,REP01,REG01,2025-09-09,2025-09-10,Completed,Online,1
ORD0806,CUST027,REP08,REG04,2025-09-09,2025-09-13,Completed,Online,4
ORD0807,CUST031,REP05,REG03,2025-09-10,2025-09-11,Completed,Direct,1
ORD0808,CUST012,REP06,REG03,2025-09-10,2025-09-11,Completed,Direct,1
ORD0809,CUST056,REP02,REG01,2025-09-10,2025-09-15,Completed,Online,5
ORD0810,CUST018,REP05,REG03,2025-09-10,2025-09-12,Completed,Direct,2
ORD0811,CUST006,REP08,REG04,2025-09-12,2025-09-14,Completed,Online,2
ORD0812,CUST059,REP01,REG01,2025-09-12,2025-09-14,Completed,Direct,2
ORD0813,CUST043,REP08,REG04,2025-09-12,2025-09-21,Cancelled,Direct,9
ORD0814,CUST072,REP02,REG01,2025-09-12,2025-09-15,Completed,Online,3
ORD0815,CUST051,REP08,REG04,2025-09-13,2025-09-18,Completed,Online,5
ORD0816,CUST035,REP04,REG02,2025-09-14,2025-09-18,Completed,Partner,4
ORD0817,CUST092,REP07,REG04,2025-09-15,2025-09-19,Completed,Direct,4
ORD0818,CUST068,REP08,REG04,2025-09-16,2025-09-25,Completed,Direct,9
ORD0819,CUST013,REP06,REG03,2025-09-16,2025-09-19,Completed,Online,3
ORD0820,CUST090,REP02,REG01,2025-09-16,2025-09-18,Completed,Direct,2
ORD0821,CUST042,REP07,REG04,2025-09-17,2025-09-21,Cancelled,Online,4
ORD0822,CUST097,REP06,REG03,2025-09-19,2025-09-21,Completed,Online,2
ORD0823,CUST033,REP06,REG03,2025-09-19,2025-09-22,Completed,Direct,3
ORD0824,CUST083,REP08,REG04,2025-09-20,2025-09-29,Completed,Online,9
ORD0825,CUST019,REP07,REG04,2025-09-20,2025-09-29,Completed,Online,9
ORD0826,CUST022,REP01,REG01,2025-09-20,2025-09-22,Returned,Partner,2
ORD0827,CUST014,REP01,REG01,2025-09-20,2025-09-22,Completed,Online,2
ORD0828,CUST093,REP08,REG04,2025-09-21,2025-09-30,Returned,Partner,9
ORD0829,CUST052,REP07,REG04,2025-09-22,2025-09-29,Returned,Partner,7
ORD0830,CUST021,REP03,REG02,2025-09-22,2025-09-23,Completed,Direct,1
ORD0831,CUST050,REP06,REG03,2025-09-23,2025-09-26,Completed,Partner,3
ORD0832,CUST069,REP07,REG04,2025-09-23,2025-09-26,Completed,Online,3
ORD0833,CUST030,REP03,REG02,2025-09-23,2025-09-25,Completed,Online,2
ORD0834,CUST092,REP07,REG04,2025-09-25,2025-10-02,Completed,Direct,7
ORD0835,CUST013,REP08,REG04,2025-09-25,2025-09-30,Completed,Direct,5
ORD0836,CUST071,REP08,REG04,2025-09-26,2025-10-01,Completed,Online,5
ORD0837,CUST041,REP08,REG04,2025-09-28,2025-10-05,Cancelled,Direct,7
ORD0838,CUST038,REP04,REG02,2025-09-29,2025-10-01,Completed,Online,2
ORD0839,CUST053,REP01,REG01,2025-09-29,2025-10-01,Completed,Direct,2
ORD0840,CUST096,REP03,REG02,2025-09-29,2025-10-02,Cancelled,Partner,3
ORD0841,CUST096,REP08,REG04,2025-09-30,2025-10-05,Completed,Partner,5
ORD0842,CUST099,REP02,REG01,2025-10-01,2025-10-02,Completed,Online,1
ORD0843,CUST001,REP06,REG03,2025-10-01,2025-10-03,Completed,Online,2
ORD0844,CUST050,REP06,REG03,2025-10-02,2025-10-06,Completed,Direct,4
ORD0845,CUST037,REP05,REG03,2025-10-03,2025-10-04,Completed,Direct,1
ORD0846,CUST039,REP01,REG01,2025-10-03,2025-10-04,Completed,Partner,1
ORD0847,CUST016,REP02,REG01,2025-10-03,2025-10-04,Completed,Partner,1
ORD0848,CUST044,REP05,REG03,2025-10-03,2025-10-04,Completed,Direct,1
ORD0849,CUST053,REP03,REG02,2025-10-03,2025-10-06,Completed,Partner,3
ORD0850,CUST076,REP08,REG04,2025-10-03,2025-10-04,Completed,Partner,1
ORD0851,CUST014,REP03,REG02,2025-10-03,2025-10-05,Completed,Partner,2
ORD0852,CUST064,REP07,REG04,2025-10-04,2025-10-11,Cancelled,Online,7
ORD0853,CUST012,REP01,REG01,2025-10-04,2025-10-06,Completed,Direct,2
ORD0854,CUST099,REP08,REG04,2025-10-04,2025-10-08,Completed,Direct,4
ORD0855,CUST062,REP05,REG03,2025-10-04,2025-10-06,Returned,Direct,2
ORD0856,CUST021,REP06,REG03,2025-10-04,2025-10-06,Completed,Direct,2
ORD0857,CUST038,REP07,REG04,2025-10-04,2025-10-05,Completed,Direct,1
ORD0858,CUST093,REP07,REG04,2025-10-05,2025-10-12,Completed,Online,7
ORD0859,CUST025,REP06,REG03,2025-10-06,2025-10-07,Completed,Direct,1
ORD0860,CUST019,REP02,REG01,2025-10-07,2025-10-09,Completed,Online,2
ORD0861,CUST008,REP05,REG03,2025-10-07,2025-10-12,Completed,Direct,5
ORD0862,CUST027,REP04,REG02,2025-10-07,2025-10-11,Completed,Online,4
ORD0863,CUST090,REP03,REG02,2025-10-07,2025-10-11,Cancelled,Online,4
ORD0864,CUST067,REP03,REG02,2025-10-08,2025-10-10,Completed,Online,2
ORD0865,CUST046,REP05,REG03,2025-10-08,2025-10-09,Completed,Direct,1
ORD0866,CUST055,REP01,REG01,2025-10-08,2025-10-11,Completed,Partner,3
ORD0867,CUST070,REP03,REG02,2025-10-08,2025-10-10,Completed,Partner,2
ORD0868,CUST077,REP08,REG04,2025-10-08,2025-10-15,Cancelled,Online,7
ORD0869,CUST016,REP05,REG03,2025-10-09,2025-10-12,Completed,Direct,3
ORD0870,CUST035,REP01,REG01,2025-10-09,2025-10-10,Completed,Online,1
ORD0871,CUST097,REP07,REG04,2025-10-09,2025-10-10,Completed,Direct,1
ORD0872,CUST059,REP08,REG04,2025-10-09,2025-10-18,Returned,Partner,9
ORD0873,CUST097,REP01,REG01,2025-10-09,2025-10-11,Completed,Partner,2
ORD0874,CUST051,REP06,REG03,2025-10-11,2025-10-16,Completed,Online,5
ORD0875,CUST055,REP02,REG01,2025-10-11,2025-10-14,Completed,Direct,3
ORD0876,CUST008,REP04,REG02,2025-10-11,2025-10-12,Completed,Partner,1
ORD0877,CUST065,REP07,REG04,2025-10-11,2025-10-16,Returned,Online,5
ORD0878,CUST030,REP04,REG02,2025-10-11,2025-10-12,Cancelled,Direct,1
ORD0879,CUST077,REP07,REG04,2025-10-12,2025-10-26,Cancelled,Online,14
ORD0880,CUST009,REP01,REG01,2025-10-12,2025-10-14,Completed,Direct,2
ORD0881,CUST086,REP04,REG02,2025-10-12,2025-10-16,Completed,Online,4
ORD0882,CUST032,REP03,REG02,2025-10-13,2025-10-14,Completed,Partner,1
ORD0883,CUST088,REP01,REG01,2025-10-13,2025-10-14,Completed,Direct,1
ORD0884,CUST043,REP03,REG02,2025-10-13,2025-10-15,Completed,Partner,2
ORD0885,CUST027,REP02,REG01,2025-10-13,2025-10-15,Completed,Direct,2
ORD0886,CUST071,REP02,REG01,2025-10-13,2025-10-16,Completed,Direct,3
ORD0887,CUST093,REP07,REG04,2025-10-13,2025-10-22,Returned,Online,9
ORD0888,CUST049,REP01,REG01,2025-10-13,2025-10-16,Completed,Direct,3
ORD0889,CUST100,REP03,REG02,2025-10-14,2025-10-16,Completed,Direct,2
ORD0890,CUST089,REP03,REG02,2025-10-14,2025-10-15,Completed,Online,1
ORD0891,CUST004,REP08,REG04,2025-10-14,2025-10-21,Cancelled,Direct,7
ORD0892,CUST091,REP07,REG04,2025-10-15,2025-10-22,Returned,Online,7
ORD0893,CUST028,REP07,REG04,2025-10-15,2025-10-17,Completed,Online,2
ORD0894,CUST010,REP08,REG04,2025-10-15,2025-10-19,Completed,Online,4
ORD0895,CUST029,REP01,REG01,2025-10-16,2025-10-17,Completed,Direct,1
ORD0896,CUST087,REP06,REG03,2025-10-16,2025-10-18,Completed,Online,2
ORD0897,CUST030,REP04,REG02,2025-10-16,2025-10-19,Completed,Direct,3
ORD0898,CUST024,REP08,REG04,2025-10-17,2025-10-24,Completed,Online,7
ORD0899,CUST088,REP07,REG04,2025-10-17,2025-10-18,Completed,Partner,1
ORD0900,CUST036,REP01,REG01,2025-10-17,2025-10-19,Completed,Direct,2
ORD0901,CUST072,REP02,REG01,2025-10-17,2025-10-18,Completed,Online,1
ORD0902,CUST020,REP06,REG03,2025-10-18,2025-10-21,Completed,Direct,3
ORD0903,CUST041,REP04,REG02,2025-10-18,2025-10-19,Completed,Direct,1
ORD0904,CUST088,REP07,REG04,2025-10-18,2025-10-20,Completed,Online,2
ORD0905,CUST038,REP04,REG02,2025-10-18,2025-10-20,Completed,Direct,2
ORD0906,CUST020,REP01,REG01,2025-10-19,2025-10-20,Completed,Partner,1
ORD0907,CUST050,REP06,REG03,2025-10-19,2025-10-21,Completed,Online,2
ORD0908,CUST100,REP03,REG02,2025-10-19,2025-10-23,Completed,Partner,4
ORD0909,CUST040,REP08,REG04,2025-10-20,2025-10-23,Completed,Online,3
ORD0910,CUST033,REP07,REG04,2025-10-20,2025-10-23,Completed,Direct,3
ORD0911,CUST015,REP03,REG02,2025-10-20,2025-10-27,Returned,Online,7
ORD0912,CUST059,REP01,REG01,2025-10-21,2025-10-24,Completed,Online,3
ORD0913,CUST017,REP08,REG04,2025-10-21,2025-10-30,Cancelled,Online,9
ORD0914,CUST042,REP03,REG02,2025-10-21,2025-10-23,Completed,Online,2
ORD0915,CUST067,REP05,REG03,2025-10-22,2025-10-23,Completed,Partner,1
ORD0916,CUST022,REP08,REG04,2025-10-22,2025-10-31,Completed,Partner,9
ORD0917,CUST001,REP08,REG04,2025-10-23,2025-11-03,Completed,Partner,11
ORD0918,CUST048,REP01,REG01,2025-10-23,2025-10-25,Completed,Online,2
ORD0919,CUST010,REP04,REG02,2025-10-23,2025-10-28,Completed,Online,5
ORD0920,CUST027,REP06,REG03,2025-10-23,2025-10-24,Completed,Direct,1
ORD0921,CUST078,REP06,REG03,2025-10-24,2025-10-27,Completed,Online,3
ORD0922,CUST045,REP03,REG02,2025-10-26,2025-10-29,Completed,Online,3
ORD0923,CUST032,REP04,REG02,2025-10-26,2025-10-28,Returned,Direct,2
ORD0924,CUST016,REP07,REG04,2025-10-26,2025-10-31,Completed,Direct,5
ORD0925,CUST077,REP02,REG01,2025-10-26,2025-10-27,Completed,Online,1
ORD0926,CUST007,REP06,REG03,2025-10-26,2025-10-27,Returned,Direct,1
ORD0927,CUST061,REP07,REG04,2025-10-26,2025-10-28,Completed,Partner,2
ORD0928,CUST094,REP02,REG01,2025-10-26,2025-10-31,Completed,Direct,5
ORD0929,CUST093,REP01,REG01,2025-10-27,2025-10-29,Completed,Online,2
ORD0930,CUST002,REP08,REG04,2025-10-28,2025-11-08,Completed,Direct,11
ORD0931,CUST055,REP06,REG03,2025-10-29,2025-10-31,Completed,Online,2
ORD0932,CUST079,REP08,REG04,2025-10-30,2025-11-01,Completed,Direct,2
ORD0933,CUST057,REP05,REG03,2025-10-30,2025-10-31,Completed,Partner,1
ORD0934,CUST024,REP06,REG03,2025-10-30,2025-11-01,Completed,Online,2
ORD0935,CUST035,REP03,REG02,2025-10-31,2025-11-07,Returned,Direct,7
ORD0936,CUST028,REP08,REG04,2025-11-01,2025-11-08,Cancelled,Direct,7
ORD0937,CUST077,REP03,REG02,2025-11-01,2025-11-02,Completed,Partner,1
ORD0938,CUST070,REP01,REG01,2025-11-01,2025-11-05,Returned,Online,4
ORD0939,CUST077,REP03,REG02,2025-11-02,2025-11-05,Completed,Partner,3
ORD0940,CUST035,REP08,REG04,2025-11-02,2025-11-13,Completed,Online,11
ORD0941,CUST003,REP02,REG01,2025-11-02,2025-11-04,Completed,Direct,2
ORD0942,CUST032,REP07,REG04,2025-11-02,2025-11-03,Completed,Online,1
ORD0943,CUST032,REP04,REG02,2025-11-02,2025-11-03,Completed,Online,1
ORD0944,CUST084,REP02,REG01,2025-11-02,2025-11-07,Returned,Online,5
ORD0945,CUST054,REP07,REG04,2025-11-03,2025-11-04,Completed,Online,1
ORD0946,CUST098,REP06,REG03,2025-11-04,2025-11-06,Completed,Partner,2
ORD0947,CUST051,REP05,REG03,2025-11-04,2025-11-05,Completed,Partner,1
ORD0948,CUST075,REP08,REG04,2025-11-05,2025-11-14,Cancelled,Partner,9
ORD0949,CUST075,REP07,REG04,2025-11-05,2025-11-06,Completed,Direct,1
ORD0950,CUST076,REP04,REG02,2025-11-05,2025-11-10,Completed,Partner,5
ORD0951,CUST060,REP07,REG04,2025-11-06,2025-11-08,Completed,Online,2
ORD0952,CUST013,REP08,REG04,2025-11-06,2025-11-09,Completed,Direct,3
ORD0953,CUST051,REP08,REG04,2025-11-06,2025-11-13,Returned,Partner,7
ORD0954,CUST014,REP01,REG01,2025-11-07,2025-11-10,Returned,Direct,3
ORD0955,CUST092,REP08,REG04,2025-11-07,2025-11-12,Completed,Partner,5
ORD0956,CUST048,REP04,REG02,2025-11-07,2025-11-09,Cancelled,Online,2
ORD0957,CUST081,REP06,REG03,2025-11-07,2025-11-09,Completed,Partner,2
ORD0958,CUST079,REP02,REG01,2025-11-07,2025-11-09,Completed,Direct,2
ORD0959,CUST097,REP03,REG02,2025-11-07,2025-11-08,Completed,Direct,1
ORD0960,CUST052,REP07,REG04,2025-11-07,2025-11-14,Completed,Direct,7
ORD0961,CUST025,REP04,REG02,2025-11-08,2025-11-09,Completed,Online,1
ORD0962,CUST061,REP06,REG03,2025-11-08,2025-11-10,Completed,Direct,2
ORD0963,CUST015,REP06,REG03,2025-11-08,2025-11-11,Completed,Direct,3
ORD0964,CUST024,REP07,REG04,2025-11-08,2025-11-11,Completed,Direct,3
ORD0965,CUST100,REP04,REG02,2025-11-08,2025-11-10,Completed,Online,2
ORD0966,CUST016,REP02,REG01,2025-11-09,2025-11-10,Completed,Direct,1
ORD0967,CUST057,REP06,REG03,2025-11-09,2025-11-16,Returned,Direct,7
ORD0968,CUST051,REP06,REG03,2025-11-10,2025-11-11,Completed,Direct,1
ORD0969,CUST043,REP03,REG02,2025-11-11,2025-11-12,Completed,Direct,1
ORD0970,CUST068,REP02,REG01,2025-11-11,2025-11-12,Completed,Online,1
ORD0971,CUST044,REP01,REG01,2025-11-11,2025-11-12,Completed,Direct,1
ORD0972,CUST031,REP02,REG01,2025-11-11,2025-11-13,Completed,Online,2
ORD0973,CUST048,REP01,REG01,2025-11-11,2025-11-12,Completed,Partner,1
ORD0974,CUST007,REP04,REG02,2025-11-11,2025-11-12,Completed,Direct,1
ORD0975,CUST039,REP04,REG02,2025-11-11,2025-11-12,Completed,Direct,1
ORD0976,CUST086,REP02,REG01,2025-11-12,2025-11-14,Completed,Partner,2
ORD0977,CUST019,REP03,REG02,2025-11-12,2025-11-14,Completed,Direct,2
ORD0978,CUST075,REP04,REG02,2025-11-12,2025-11-13,Cancelled,Direct,1
ORD0979,CUST094,REP02,REG01,2025-11-12,2025-11-14,Completed,Online,2
ORD0980,CUST070,REP01,REG01,2025-11-12,2025-11-14,Completed,Direct,2
ORD0981,CUST084,REP05,REG03,2025-11-13,2025-11-20,Returned,Direct,7
ORD0982,CUST082,REP02,REG01,2025-11-13,2025-11-14,Completed,Partner,1
ORD0983,CUST073,REP08,REG04,2025-11-13,2025-11-14,Completed,Online,1
ORD0984,CUST097,REP03,REG02,2025-11-14,2025-11-18,Completed,Online,4
ORD0985,CUST030,REP03,REG02,2025-11-14,2025-11-21,Completed,Direct,7
ORD0986,CUST038,REP07,REG04,2025-11-15,2025-11-22,Returned,Online,7
ORD0987,CUST092,REP07,REG04,2025-11-15,2025-11-20,Completed,Online,5
ORD0988,CUST067,REP05,REG03,2025-11-15,2025-11-17,Completed,Direct,2
ORD0989,CUST009,REP03,REG02,2025-11-16,2025-11-17,Completed,Partner,1
ORD0990,CUST093,REP03,REG02,2025-11-16,2025-11-18,Completed,Direct,2
ORD0991,CUST096,REP02,REG01,2025-11-17,2025-11-18,Completed,Online,1
ORD0992,CUST044,REP08,REG04,2025-11-17,2025-11-22,Completed,Online,5
ORD0993,CUST021,REP01,REG01,2025-11-17,2025-11-18,Returned,Partner,1
ORD0994,CUST058,REP08,REG04,2025-11-17,2025-11-19,Completed,Online,2
ORD0995,CUST036,REP05,REG03,2025-11-18,2025-11-21,Completed,Online,3
ORD0996,CUST094,REP08,REG04,2025-11-18,2025-11-25,Returned,Online,7
ORD0997,CUST073,REP03,REG02,2025-11-18,2025-11-20,Completed,Direct,2
ORD0998,CUST039,REP06,REG03,2025-11-19,2025-11-20,Completed,Direct,1
ORD0999,CUST080,REP06,REG03,2025-11-19,2025-11-21,Returned,Direct,2
ORD1000,CUST056,REP02,REG01,2025-11-19,2025-11-20,Completed,Online,1
ORD1001,CUST010,REP04,REG02,2025-11-20,2025-11-22,Completed,Partner,2
ORD1002,CUST077,REP06,REG03,2025-11-20,2025-11-24,Completed,Direct,4
ORD1003,CUST097,REP07,REG04,2025-11-20,2025-11-24,Completed,Online,4
ORD1004,CUST019,REP07,REG04,2025-11-20,2025-11-27,Completed,Partner,7
ORD1005,CUST051,REP06,REG03,2025-11-20,2025-11-22,Completed,Direct,2
ORD1006,CUST087,REP02,REG01,2025-11-20,2025-11-21,Completed,Direct,1
ORD1007,CUST026,REP07,REG04,2025-11-21,2025-11-28,Completed,Online,7
ORD1008,CUST056,REP08,REG04,2025-11-22,2025-11-26,Completed,Online,4
ORD1009,CUST077,REP05,REG03,2025-11-22,2025-11-23,Completed,Direct,1
ORD1010,CUST100,REP08,REG04,2025-11-22,2025-12-01,Cancelled,Direct,9
ORD1011,CUST067,REP08,REG04,2025-11-22,2025-12-01,Cancelled,Direct,9
ORD1012,CUST021,REP07,REG04,2025-11-23,2025-11-25,Completed,Online,2
ORD1013,CUST043,REP03,REG02,2025-11-23,2025-11-27,Completed,Partner,4
ORD1014,CUST075,REP02,REG01,2025-11-24,2025-11-25,Completed,Direct,1
ORD1015,CUST020,REP04,REG02,2025-11-24,2025-11-27,Completed,Direct,3
ORD1016,CUST078,REP05,REG03,2025-11-25,2025-11-29,Completed,Partner,4
ORD1017,CUST022,REP04,REG02,2025-11-25,2025-11-26,Completed,Direct,1
ORD1018,CUST003,REP03,REG02,2025-11-25,2025-11-26,Completed,Partner,1
ORD1019,CUST051,REP02,REG01,2025-11-26,2025-11-28,Returned,Partner,2
ORD1020,CUST010,REP06,REG03,2025-11-26,2025-11-29,Completed,Direct,3
ORD1021,CUST074,REP04,REG02,2025-11-26,2025-11-29,Completed,Partner,3
ORD1022,CUST017,REP05,REG03,2025-11-26,2025-11-29,Completed,Direct,3
ORD1023,CUST066,REP06,REG03,2025-11-27,2025-12-02,Completed,Partner,5
ORD1024,CUST028,REP04,REG02,2025-11-27,2025-11-29,Completed,Direct,2
ORD1025,CUST057,REP01,REG01,2025-11-28,2025-11-30,Completed,Online,2
ORD1026,CUST038,REP08,REG04,2025-11-28,2025-12-02,Returned,Partner,4
ORD1027,CUST015,REP06,REG03,2025-11-29,2025-11-30,Returned,Online,1
ORD1028,CUST033,REP01,REG01,2025-11-29,2025-12-01,Completed,Direct,2
ORD1029,CUST027,REP06,REG03,2025-11-29,2025-12-01,Completed,Online,2
ORD1030,CUST066,REP01,REG01,2025-11-29,2025-12-01,Returned,Partner,2
ORD1031,CUST024,REP04,REG02,2025-11-29,2025-12-03,Completed,Partner,4
ORD1032,CUST038,REP07,REG04,2025-12-01,2025-12-12,Returned,Partner,11
ORD1033,CUST063,REP07,REG04,2025-12-01,2025-12-10,Cancelled,Online,9
ORD1034,CUST052,REP05,REG03,2025-12-01,2025-12-03,Completed,Online,2
ORD1035,CUST006,REP06,REG03,2025-12-01,2025-12-02,Completed,Online,1
ORD1036,CUST013,REP08,REG04,2025-12-01,2025-12-05,Completed,Direct,4
ORD1037,CUST042,REP02,REG01,2025-12-01,2025-12-04,Cancelled,Online,3
ORD1038,CUST071,REP03,REG02,2025-12-02,2025-12-04,Completed,Online,2
ORD1039,CUST093,REP03,REG02,2025-12-02,2025-12-03,Completed,Online,1
ORD1040,CUST028,REP02,REG01,2025-12-02,2025-12-05,Completed,Direct,3
ORD1041,CUST006,REP04,REG02,2025-12-02,2025-12-04,Completed,Partner,2
ORD1042,CUST040,REP02,REG01,2025-12-02,2025-12-03,Completed,Direct,1
ORD1043,CUST014,REP07,REG04,2025-12-03,2025-12-14,Completed,Direct,11
ORD1044,CUST085,REP07,REG04,2025-12-03,2025-12-06,Completed,Partner,3
ORD1045,CUST048,REP04,REG02,2025-12-03,2025-12-04,Completed,Direct,1
ORD1046,CUST039,REP04,REG02,2025-12-03,2025-12-04,Completed,Online,1
ORD1047,CUST044,REP03,REG02,2025-12-03,2025-12-04,Completed,Direct,1
ORD1048,CUST068,REP08,REG04,2025-12-04,2025-12-11,Returned,Direct,7
ORD1049,CUST037,REP07,REG04,2025-12-04,2025-12-05,Completed,Direct,1
ORD1050,CUST056,REP04,REG02,2025-12-04,2025-12-09,Returned,Partner,5
ORD1051,CUST074,REP01,REG01,2025-12-05,2025-12-07,Completed,Online,2
ORD1052,CUST078,REP06,REG03,2025-12-05,2025-12-06,Completed,Direct,1
ORD1053,CUST072,REP08,REG04,2025-12-05,2025-12-10,Completed,Direct,5
ORD1054,CUST054,REP03,REG02,2025-12-07,2025-12-11,Completed,Direct,4
ORD1055,CUST081,REP05,REG03,2025-12-07,2025-12-09,Completed,Direct,2
ORD1056,CUST081,REP05,REG03,2025-12-07,2025-12-14,Returned,Partner,7
ORD1057,CUST084,REP03,REG02,2025-12-07,2025-12-08,Completed,Direct,1
ORD1058,CUST024,REP01,REG01,2025-12-08,2025-12-15,Cancelled,Online,7
ORD1059,CUST098,REP01,REG01,2025-12-08,2025-12-09,Completed,Online,1
ORD1060,CUST017,REP03,REG02,2025-12-08,2025-12-11,Completed,Direct,3
ORD1061,CUST031,REP05,REG03,2025-12-09,2025-12-11,Cancelled,Online,2
ORD1062,CUST016,REP03,REG02,2025-12-09,2025-12-10,Completed,Direct,1
ORD1063,CUST093,REP06,REG03,2025-12-09,2025-12-11,Completed,Partner,2
ORD1064,CUST035,REP02,REG01,2025-12-09,2025-12-12,Completed,Direct,3
ORD1065,CUST048,REP08,REG04,2025-12-09,2025-12-23,Returned,Online,14
ORD1066,CUST079,REP08,REG04,2025-12-09,2025-12-18,Completed,Direct,9
ORD1067,CUST100,REP01,REG01,2025-12-10,2025-12-12,Completed,Partner,2
ORD1068,CUST059,REP03,REG02,2025-12-10,2025-12-11,Completed,Direct,1
ORD1069,CUST090,REP07,REG04,2025-12-11,2025-12-20,Returned,Direct,9
ORD1070,CUST035,REP05,REG03,2025-12-12,2025-12-14,Completed,Direct,2
ORD1071,CUST058,REP04,REG02,2025-12-12,2025-12-14,Completed,Online,2
ORD1072,CUST036,REP07,REG04,2025-12-13,2025-12-14,Completed,Online,1
ORD1073,CUST045,REP06,REG03,2025-12-13,2025-12-18,Completed,Online,5
ORD1074,CUST062,REP02,REG01,2025-12-14,2025-12-16,Completed,Direct,2
ORD1075,CUST043,REP03,REG02,2025-12-15,2025-12-16,Completed,Partner,1
ORD1076,CUST003,REP01,REG01,2025-12-15,2025-12-17,Completed,Online,2
ORD1077,CUST037,REP08,REG04,2025-12-16,2025-12-25,Completed,Direct,9
ORD1078,CUST028,REP08,REG04,2025-12-16,2025-12-21,Completed,Partner,5
ORD1079,CUST067,REP05,REG03,2025-12-16,2025-12-19,Completed,Online,3
ORD1080,CUST036,REP06,REG03,2025-12-16,2025-12-23,Completed,Direct,7
ORD1081,CUST006,REP02,REG01,2025-12-16,2025-12-17,Completed,Direct,1
ORD1082,CUST059,REP08,REG04,2025-12-17,2025-12-24,Returned,Partner,7
ORD1083,CUST073,REP06,REG03,2025-12-17,2025-12-18,Completed,Partner,1
ORD1084,CUST006,REP04,REG02,2025-12-17,2025-12-18,Completed,Online,1
ORD1085,CUST033,REP08,REG04,2025-12-17,2025-12-26,Completed,Online,9
ORD1086,CUST014,REP05,REG03,2025-12-17,2025-12-18,Completed,Online,1
ORD1087,CUST084,REP03,REG02,2025-12-17,2025-12-21,Completed,Partner,4
ORD1088,CUST079,REP04,REG02,2025-12-18,2025-12-20,Completed,Partner,2
ORD1089,CUST081,REP02,REG01,2025-12-18,2025-12-21,Completed,Partner,3
ORD1090,CUST059,REP05,REG03,2025-12-18,2025-12-20,Completed,Online,2
ORD1091,CUST009,REP08,REG04,2025-12-18,2025-12-22,Completed,Online,4
ORD1092,CUST090,REP02,REG01,2025-12-19,2025-12-21,Completed,Online,2
ORD1093,CUST062,REP06,REG03,2025-12-19,2025-12-20,Completed,Direct,1
ORD1094,CUST074,REP06,REG03,2025-12-20,2025-12-22,Returned,Direct,2
ORD1095,CUST050,REP08,REG04,2025-12-20,2025-12-25,Completed,Online,5
ORD1096,CUST018,REP06,REG03,2025-12-20,2025-12-23,Completed,Online,3
ORD1097,CUST030,REP08,REG04,2025-12-20,2025-12-29,Cancelled,Direct,9
ORD1098,CUST034,REP08,REG04,2025-12-20,2025-12-24,Cancelled,Online,4
ORD1099,CUST024,REP05,REG03,2025-12-21,2025-12-23,Completed,Direct,2
ORD1100,CUST020,REP02,REG01,2025-12-21,2025-12-22,Completed,Online,1
ORD1101,CUST065,REP05,REG03,2025-12-21,2025-12-23,Completed,Online,2
ORD1102,CUST086,REP03,REG02,2025-12-21,2025-12-22,Completed,Online,1
ORD1103,CUST012,REP08,REG04,2025-12-22,2025-12-29,Cancelled,Partner,7
ORD1104,CUST021,REP02,REG01,2025-12-22,2025-12-23,Completed,Online,1
ORD1105,CUST036,REP04,REG02,2025-12-22,2025-12-25,Completed,Online,3
ORD1106,CUST011,REP08,REG04,2025-12-23,2026-01-01,Completed,Direct,9
ORD1107,CUST060,REP04,REG02,2025-12-23,2025-12-26,Completed,Online,3
ORD1108,CUST074,REP08,REG04,2025-12-23,2026-01-01,Returned,Direct,9
ORD1109,CUST076,REP04,REG02,2025-12-23,2025-12-26,Completed,Online,3
ORD1110,CUST072,REP07,REG04,2025-12-25,2026-01-01,Cancelled,Partner,7
ORD1111,CUST004,REP08,REG04,2025-12-25,2025-12-26,Completed,Online,1
ORD1112,CUST024,REP06,REG03,2025-12-26,2025-12-27,Completed,Online,1
ORD1113,CUST021,REP03,REG02,2025-12-26,2025-12-29,Cancelled,Partner,3
ORD1114,CUST093,REP05,REG03,2025-12-27,2025-12-30,Completed,Online,3
ORD1115,CUST015,REP06,REG03,2025-12-27,2025-12-29,Returned,Partner,2
ORD1116,CUST084,REP03,REG02,2025-12-27,2025-12-29,Returned,Online,2
ORD1117,CUST073,REP08,REG04,2025-12-28,2025-12-29,Returned,Online,1
ORD1118,CUST022,REP06,REG03,2025-12-28,2025-12-29,Completed,Online,1
ORD1119,CUST018,REP05,REG03,2025-12-28,2025-12-30,Returned,Direct,2
ORD1120,CUST051,REP05,REG03,2025-12-28,2025-12-29,Cancelled,Online,1
ORD1121,CUST047,REP01,REG01,2025-12-28,2025-12-29,Completed,Online,1
ORD1122,CUST079,REP02,REG01,2025-12-29,2026-01-05,Cancelled,Online,7
ORD1123,CUST050,REP04,REG02,2025-12-29,2025-12-31,Completed,Online,2
ORD1124,CUST096,REP03,REG02,2025-12-29,2025-12-31,Completed,Online,2
ORD1125,CUST065,REP04,REG02,2025-12-30,2026-01-01,Completed,Online,2
ORD1126,CUST009,REP07,REG04,2025-12-30,2026-01-02,Completed,Online,3
ORD1127,CUST076,REP02,REG01,2025-12-30,2026-01-02,Completed,Online,3
ORD1128,CUST081,REP05,REG03,2025-12-30,2026-01-04,Completed,Partner,5
ORD1129,CUST035,REP07,REG04,2025-12-30,2026-01-04,Completed,Online,5
ORD1130,CUST085,REP02,REG01,2025-12-31,2026-01-05,Completed,Online,5
ORD1131,CUST027,REP06,REG03,2025-12-31,2026-01-01,Completed,Online,1
ORD1132,CUST023,REP05,REG03,2025-12-31,2026-01-02,Completed,Direct,2
ORD1133,CUST023,REP05,REG03,2026-01-01,2026-01-02,Completed,Direct,1
ORD1134,CUST040,REP05,REG03,2026-01-01,2026-01-02,Completed,Direct,1
ORD1135,CUST008,REP06,REG03,2026-01-01,2026-01-03,Completed,Online,2
ORD1136,CUST091,REP06,REG03,2026-01-02,2026-01-03,Completed,Partner,1
ORD1137,CUST085,REP03,REG02,2026-01-02,2026-01-03,Completed,Online,1
ORD1138,CUST088,REP06,REG03,2026-01-02,2026-01-03,Completed,Online,1
ORD1139,CUST008,REP07,REG04,2026-01-02,2026-01-11,Returned,Partner,9
ORD1140,CUST043,REP03,REG02,2026-01-02,2026-01-04,Completed,Online,2
ORD1141,CUST087,REP04,REG02,2026-01-03,2026-01-05,Completed,Online,2
ORD1142,CUST095,REP04,REG02,2026-01-03,2026-01-08,Completed,Partner,5
ORD1143,CUST047,REP03,REG02,2026-01-04,2026-01-07,Completed,Online,3
ORD1144,CUST077,REP08,REG04,2026-01-07,2026-01-08,Completed,Online,1
ORD1145,CUST028,REP01,REG01,2026-01-07,2026-01-09,Completed,Online,2
ORD1146,CUST019,REP05,REG03,2026-01-07,2026-01-08,Completed,Online,1
ORD1147,CUST060,REP02,REG01,2026-01-07,2026-01-12,Completed,Online,5
ORD1148,CUST009,REP03,REG02,2026-01-08,2026-01-09,Completed,Direct,1
ORD1149,CUST020,REP06,REG03,2026-01-08,2026-01-10,Completed,Direct,2
ORD1150,CUST074,REP04,REG02,2026-01-09,2026-01-10,Completed,Direct,1
ORD1151,CUST007,REP08,REG04,2026-01-10,2026-01-13,Completed,Online,3
ORD1152,CUST080,REP01,REG01,2026-01-10,2026-01-12,Completed,Online,2
ORD1153,CUST060,REP03,REG02,2026-01-12,2026-01-14,Completed,Online,2
ORD1154,CUST024,REP03,REG02,2026-01-12,2026-01-14,Completed,Online,2
ORD1155,CUST067,REP08,REG04,2026-01-13,2026-01-20,Completed,Partner,7
ORD1156,CUST082,REP01,REG01,2026-01-14,2026-01-16,Completed,Direct,2
ORD1157,CUST040,REP06,REG03,2026-01-14,2026-01-15,Completed,Online,1
ORD1158,CUST059,REP02,REG01,2026-01-17,2026-01-20,Completed,Online,3
ORD1159,CUST040,REP05,REG03,2026-01-18,2026-01-20,Returned,Online,2
ORD1160,CUST084,REP06,REG03,2026-01-19,2026-01-21,Completed,Direct,2
ORD1161,CUST083,REP04,REG02,2026-01-19,2026-01-20,Returned,Direct,1
ORD1162,CUST001,REP01,REG01,2026-01-19,2026-01-21,Completed,Partner,2
ORD1163,CUST099,REP08,REG04,2026-01-19,2026-01-26,Returned,Direct,7
ORD1164,CUST052,REP08,REG04,2026-01-20,2026-01-27,Completed,Partner,7
ORD1165,CUST057,REP01,REG01,2026-01-20,2026-01-21,Completed,Partner,1
ORD1166,CUST052,REP01,REG01,2026-01-22,2026-01-24,Completed,Direct,2
ORD1167,CUST070,REP04,REG02,2026-01-22,2026-01-24,Completed,Partner,2
ORD1168,CUST089,REP04,REG02,2026-01-23,2026-01-25,Completed,Direct,2
ORD1169,CUST030,REP08,REG04,2026-01-24,2026-01-31,Returned,Online,7
ORD1170,CUST007,REP02,REG01,2026-01-24,2026-01-28,Returned,Direct,4
ORD1171,CUST093,REP05,REG03,2026-01-24,2026-01-26,Cancelled,Direct,2
ORD1172,CUST085,REP05,REG03,2026-01-25,2026-01-27,Completed,Direct,2
ORD1173,CUST063,REP01,REG01,2026-01-25,2026-01-26,Cancelled,Online,1
ORD1174,CUST076,REP08,REG04,2026-01-26,2026-01-29,Returned,Online,3
ORD1175,CUST087,REP05,REG03,2026-01-26,2026-01-27,Completed,Online,1
ORD1176,CUST015,REP02,REG01,2026-01-27,2026-01-29,Completed,Partner,2
ORD1177,CUST040,REP02,REG01,2026-01-29,2026-01-31,Completed,Direct,2
ORD1178,CUST062,REP02,REG01,2026-01-29,2026-01-31,Completed,Partner,2
ORD1179,CUST045,REP06,REG03,2026-01-29,2026-01-31,Completed,Direct,2
ORD1180,CUST086,REP01,REG01,2026-01-29,2026-02-01,Returned,Online,3
ORD1181,CUST084,REP08,REG04,2026-01-31,2026-02-01,Completed,Online,1
ORD1182,CUST097,REP01,REG01,2026-01-31,2026-02-04,Completed,Direct,4
ORD1183,CUST088,REP08,REG04,2026-01-31,2026-02-07,Returned,Online,7
ORD1184,CUST066,REP05,REG03,2026-02-01,2026-02-02,Completed,Direct,1
ORD1185,CUST067,REP01,REG01,2026-02-02,2026-02-04,Completed,Online,2
ORD1186,CUST002,REP06,REG03,2026-02-02,2026-02-03,Completed,Online,1
ORD1187,CUST098,REP02,REG01,2026-02-02,2026-02-03,Completed,Direct,1
ORD1188,CUST037,REP03,REG02,2026-02-03,2026-02-05,Completed,Direct,2
ORD1189,CUST008,REP03,REG02,2026-02-03,2026-02-05,Completed,Direct,2
ORD1190,CUST077,REP06,REG03,2026-02-03,2026-02-05,Completed,Online,2
ORD1191,CUST004,REP06,REG03,2026-02-03,2026-02-04,Completed,Online,1
ORD1192,CUST100,REP04,REG02,2026-02-03,2026-02-04,Completed,Partner,1
ORD1193,CUST029,REP04,REG02,2026-02-04,2026-02-06,Completed,Online,2
ORD1194,CUST049,REP08,REG04,2026-02-04,2026-02-08,Completed,Partner,4
ORD1195,CUST024,REP05,REG03,2026-02-05,2026-02-09,Completed,Direct,4
ORD1196,CUST004,REP08,REG04,2026-02-05,2026-02-10,Completed,Online,5
ORD1197,CUST055,REP04,REG02,2026-02-06,2026-02-08,Completed,Partner,2
ORD1198,CUST016,REP01,REG01,2026-02-06,2026-02-07,Completed,Direct,1
ORD1199,CUST080,REP08,REG04,2026-02-06,2026-02-20,Completed,Partner,14
ORD1200,CUST044,REP05,REG03,2026-02-06,2026-02-08,Completed,Online,2
ORD1201,CUST028,REP03,REG02,2026-02-06,2026-02-07,Returned,Partner,1
ORD1202,CUST020,REP03,REG02,2026-02-07,2026-02-09,Completed,Direct,2
ORD1203,CUST036,REP06,REG03,2026-02-08,2026-02-15,Cancelled,Partner,7
ORD1204,CUST022,REP02,REG01,2026-02-09,2026-02-11,Completed,Online,2
ORD1205,CUST062,REP06,REG03,2026-02-09,2026-02-10,Completed,Partner,1
ORD1206,CUST061,REP04,REG02,2026-02-09,2026-02-10,Completed,Online,1
ORD1207,CUST086,REP05,REG03,2026-02-11,2026-02-12,Returned,Partner,1
ORD1208,CUST007,REP02,REG01,2026-02-14,2026-02-18,Completed,Direct,4
ORD1209,CUST067,REP06,REG03,2026-02-14,2026-02-16,Completed,Direct,2
ORD1210,CUST094,REP08,REG04,2026-02-14,2026-02-21,Returned,Online,7
ORD1211,CUST030,REP01,REG01,2026-02-15,2026-02-16,Completed,Online,1
ORD1212,CUST036,REP07,REG04,2026-02-15,2026-02-22,Completed,Partner,7
ORD1213,CUST076,REP02,REG01,2026-02-15,2026-02-17,Completed,Direct,2
ORD1214,CUST067,REP06,REG03,2026-02-16,2026-02-18,Completed,Online,2
ORD1215,CUST028,REP05,REG03,2026-02-17,2026-02-18,Completed,Online,1
ORD1216,CUST074,REP02,REG01,2026-02-17,2026-02-20,Completed,Online,3
ORD1217,CUST016,REP04,REG02,2026-02-17,2026-02-19,Completed,Direct,2
ORD1218,CUST093,REP06,REG03,2026-02-19,2026-02-21,Completed,Partner,2
ORD1219,CUST087,REP03,REG02,2026-02-19,2026-02-20,Completed,Partner,1
ORD1220,CUST073,REP06,REG03,2026-02-19,2026-02-22,Completed,Partner,3
ORD1221,CUST074,REP01,REG01,2026-02-19,2026-02-23,Returned,Partner,4
ORD1222,CUST034,REP04,REG02,2026-02-20,2026-02-23,Completed,Online,3
ORD1223,CUST085,REP08,REG04,2026-02-21,2026-03-02,Returned,Direct,9
ORD1224,CUST064,REP07,REG04,2026-02-21,2026-02-23,Completed,Partner,2
ORD1225,CUST004,REP03,REG02,2026-02-21,2026-02-23,Completed,Online,2
ORD1226,CUST093,REP04,REG02,2026-02-21,2026-02-23,Completed,Online,2
ORD1227,CUST006,REP05,REG03,2026-02-22,2026-02-23,Completed,Online,1
ORD1228,CUST073,REP06,REG03,2026-02-22,2026-02-24,Completed,Partner,2
ORD1229,CUST019,REP07,REG04,2026-02-22,2026-03-01,Completed,Direct,7
ORD1230,CUST078,REP03,REG02,2026-02-22,2026-02-24,Completed,Direct,2
ORD1231,CUST016,REP01,REG01,2026-02-22,2026-02-23,Completed,Partner,1
ORD1232,CUST007,REP05,REG03,2026-02-23,2026-02-24,Completed,Online,1
ORD1233,CUST071,REP06,REG03,2026-02-23,2026-02-24,Cancelled,Direct,1
ORD1234,CUST016,REP07,REG04,2026-02-23,2026-02-26,Returned,Direct,3
ORD1235,CUST098,REP04,REG02,2026-02-24,2026-02-26,Completed,Online,2
ORD1236,CUST095,REP05,REG03,2026-02-24,2026-02-25,Completed,Online,1
ORD1237,CUST059,REP03,REG02,2026-02-25,2026-02-27,Completed,Online,2
ORD1238,CUST079,REP08,REG04,2026-02-25,2026-03-04,Cancelled,Direct,7
ORD1239,CUST043,REP06,REG03,2026-02-26,2026-03-01,Completed,Direct,3
ORD1240,CUST088,REP07,REG04,2026-02-26,2026-03-09,Completed,Online,11
ORD1241,CUST008,REP02,REG01,2026-02-26,2026-02-27,Completed,Direct,1
ORD1242,CUST007,REP05,REG03,2026-02-27,2026-02-28,Completed,Online,1
ORD1243,CUST078,REP08,REG04,2026-02-27,2026-03-08,Returned,Direct,9
ORD1244,CUST024,REP06,REG03,2026-02-27,2026-03-01,Completed,Direct,2
ORD1245,CUST085,REP02,REG01,2026-02-28,2026-03-04,Completed,Direct,4
ORD1246,CUST044,REP07,REG04,2026-02-28,2026-03-04,Returned,Direct,4
ORD1247,CUST016,REP08,REG04,2026-02-28,2026-03-09,Returned,Direct,9
ORD1248,CUST036,REP08,REG04,2026-02-28,2026-03-02,Completed,Direct,2
ORD1249,CUST059,REP05,REG03,2026-02-28,2026-03-01,Completed,Direct,1
ORD1250,CUST056,REP05,REG03,2026-02-28,2026-03-04,Completed,Direct,4
ORD1251,CUST009,REP04,REG02,2026-03-01,2026-03-03,Completed,Partner,2
ORD1252,CUST051,REP02,REG01,2026-03-01,2026-03-02,Completed,Online,1
ORD1253,CUST033,REP07,REG04,2026-03-01,2026-03-02,Completed,Direct,1
ORD1254,CUST004,REP07,REG04,2026-03-01,2026-03-08,Completed,Direct,7
ORD1255,CUST018,REP02,REG01,2026-03-02,2026-03-04,Completed,Online,2
ORD1256,CUST089,REP06,REG03,2026-03-02,2026-03-04,Completed,Direct,2
ORD1257,CUST034,REP07,REG04,2026-03-02,2026-03-03,Completed,Direct,1
ORD1258,CUST034,REP06,REG03,2026-03-03,2026-03-06,Completed,Online,3
ORD1259,CUST034,REP06,REG03,2026-03-04,2026-03-06,Completed,Online,2
ORD1260,CUST018,REP02,REG01,2026-03-04,2026-03-06,Completed,Direct,2
ORD1261,CUST013,REP07,REG04,2026-03-04,2026-03-15,Completed,Direct,11
ORD1262,CUST006,REP08,REG04,2026-03-05,2026-03-09,Completed,Online,4
ORD1263,CUST001,REP04,REG02,2026-03-05,2026-03-09,Completed,Direct,4
ORD1264,CUST062,REP05,REG03,2026-03-05,2026-03-06,Completed,Online,1
ORD1265,CUST030,REP06,REG03,2026-03-05,2026-03-06,Completed,Direct,1
ORD1266,CUST049,REP08,REG04,2026-03-06,2026-03-15,Completed,Direct,9
ORD1267,CUST039,REP07,REG04,2026-03-06,2026-03-15,Completed,Online,9
ORD1268,CUST033,REP04,REG02,2026-03-06,2026-03-07,Completed,Partner,1
ORD1269,CUST025,REP07,REG04,2026-03-07,2026-03-18,Completed,Online,11
ORD1270,CUST023,REP04,REG02,2026-03-07,2026-03-08,Completed,Partner,1
ORD1271,CUST017,REP04,REG02,2026-03-08,2026-03-09,Completed,Online,1
ORD1272,CUST028,REP04,REG02,2026-03-09,2026-03-11,Completed,Online,2
ORD1273,CUST068,REP04,REG02,2026-03-09,2026-03-11,Cancelled,Direct,2
ORD1274,CUST062,REP03,REG02,2026-03-09,2026-03-12,Completed,Online,3
ORD1275,CUST058,REP08,REG04,2026-03-10,2026-03-21,Completed,Online,11
ORD1276,CUST025,REP03,REG02,2026-03-10,2026-03-12,Completed,Direct,2
ORD1277,CUST091,REP07,REG04,2026-03-11,2026-03-16,Completed,Direct,5
ORD1278,CUST015,REP03,REG02,2026-03-11,2026-03-14,Completed,Direct,3
ORD1279,CUST060,REP08,REG04,2026-03-11,2026-03-15,Cancelled,Partner,4
ORD1280,CUST080,REP08,REG04,2026-03-12,2026-03-26,Completed,Direct,14
ORD1281,CUST062,REP03,REG02,2026-03-12,2026-03-15,Completed,Partner,3
ORD1282,CUST094,REP06,REG03,2026-03-12,2026-03-13,Completed,Online,1
ORD1283,CUST045,REP07,REG04,2026-03-13,2026-03-22,Returned,Direct,9
ORD1284,CUST014,REP01,REG01,2026-03-14,2026-03-16,Completed,Direct,2
ORD1285,CUST080,REP05,REG03,2026-03-14,2026-03-15,Completed,Partner,1
ORD1286,CUST069,REP02,REG01,2026-03-14,2026-03-18,Completed,Direct,4
ORD1287,CUST036,REP04,REG02,2026-03-15,2026-03-17,Completed,Partner,2
ORD1288,CUST075,REP07,REG04,2026-03-16,2026-03-27,Completed,Online,11
ORD1289,CUST047,REP06,REG03,2026-03-16,2026-03-18,Returned,Online,2
ORD1290,CUST024,REP05,REG03,2026-03-16,2026-03-17,Completed,Partner,1
ORD1291,CUST039,REP07,REG04,2026-03-17,2026-03-21,Completed,Online,4
ORD1292,CUST028,REP03,REG02,2026-03-17,2026-03-19,Completed,Online,2
ORD1293,CUST009,REP04,REG02,2026-03-17,2026-03-18,Completed,Online,1
ORD1294,CUST088,REP07,REG04,2026-03-17,2026-03-18,Completed,Direct,1
ORD1295,CUST048,REP02,REG01,2026-03-18,2026-03-19,Completed,Direct,1
ORD1296,CUST011,REP08,REG04,2026-03-18,2026-04-01,Returned,Direct,14
ORD1297,CUST076,REP01,REG01,2026-03-19,2026-03-21,Completed,Online,2
ORD1298,CUST082,REP05,REG03,2026-03-19,2026-03-21,Completed,Online,2
ORD1299,CUST045,REP06,REG03,2026-03-19,2026-03-21,Completed,Partner,2
ORD1300,CUST063,REP01,REG01,2026-03-20,2026-03-24,Completed,Partner,4
ORD1301,CUST013,REP07,REG04,2026-03-20,2026-03-25,Completed,Direct,5
ORD1302,CUST088,REP04,REG02,2026-03-20,2026-03-22,Completed,Online,2
ORD1303,CUST089,REP04,REG02,2026-03-21,2026-03-22,Completed,Partner,1
ORD1304,CUST063,REP06,REG03,2026-03-21,2026-03-23,Completed,Online,2
ORD1305,CUST068,REP02,REG01,2026-03-21,2026-03-25,Completed,Partner,4
ORD1306,CUST030,REP07,REG04,2026-03-21,2026-04-01,Returned,Online,11
ORD1307,CUST017,REP01,REG01,2026-03-22,2026-03-24,Completed,Direct,2
ORD1308,CUST064,REP08,REG04,2026-03-22,2026-03-27,Completed,Partner,5
ORD1309,CUST092,REP04,REG02,2026-03-22,2026-03-29,Completed,Online,7
ORD1310,CUST047,REP06,REG03,2026-03-25,2026-03-27,Completed,Direct,2
ORD1311,CUST099,REP02,REG01,2026-03-25,2026-03-28,Completed,Online,3
ORD1312,CUST026,REP06,REG03,2026-03-25,2026-03-28,Completed,Online,3
ORD1313,CUST100,REP07,REG04,2026-03-25,2026-03-28,Completed,Partner,3
ORD1314,CUST017,REP05,REG03,2026-03-26,2026-03-28,Completed,Direct,2
ORD1315,CUST012,REP04,REG02,2026-03-27,2026-03-29,Completed,Online,2
ORD1316,CUST001,REP07,REG04,2026-03-27,2026-03-29,Completed,Direct,2
ORD1317,CUST063,REP07,REG04,2026-03-28,2026-04-08,Completed,Online,11
ORD1318,CUST004,REP04,REG02,2026-03-28,2026-03-29,Completed,Online,1
ORD1319,CUST082,REP05,REG03,2026-03-29,2026-03-30,Completed,Online,1
ORD1320,CUST043,REP01,REG01,2026-03-29,2026-03-30,Completed,Online,1
ORD1321,CUST031,REP08,REG04,2026-03-29,2026-04-02,Completed,Online,4
ORD1322,CUST098,REP06,REG03,2026-03-29,2026-04-01,Completed,Direct,3
ORD1323,CUST036,REP01,REG01,2026-03-29,2026-03-30,Completed,Partner,1
ORD1324,CUST087,REP03,REG02,2026-03-29,2026-03-31,Completed,Direct,2
ORD1325,CUST073,REP06,REG03,2026-03-30,2026-03-31,Completed,Direct,1
ORD1326,CUST100,REP04,REG02,2026-03-30,2026-04-02,Completed,Direct,3
ORD1327,CUST061,REP01,REG01,2026-03-30,2026-03-31,Completed,Online,1
ORD1328,CUST023,REP08,REG04,2026-03-31,2026-04-02,Completed,Direct,2
ORD1329,CUST079,REP01,REG01,2026-03-31,2026-04-04,Completed,Direct,4
ORD1330,CUST071,REP07,REG04,2026-04-01,2026-04-02,Completed,Online,1
ORD1331,CUST036,REP06,REG03,2026-04-03,2026-04-05,Completed,Partner,2
ORD1332,CUST014,REP06,REG03,2026-04-03,2026-04-04,Completed,Online,1
ORD1333,CUST051,REP04,REG02,2026-04-03,2026-04-05,Returned,Online,2
ORD1334,CUST010,REP07,REG04,2026-04-04,2026-04-11,Completed,Online,7
ORD1335,CUST020,REP08,REG04,2026-04-04,2026-04-11,Cancelled,Direct,7
ORD1336,CUST079,REP04,REG02,2026-04-04,2026-04-06,Completed,Partner,2
ORD1337,CUST025,REP02,REG01,2026-04-05,2026-04-08,Cancelled,Direct,3
ORD1338,CUST011,REP05,REG03,2026-04-05,2026-04-09,Completed,Direct,4
ORD1339,CUST097,REP03,REG02,2026-04-05,2026-04-07,Completed,Direct,2
ORD1340,CUST080,REP08,REG04,2026-04-06,2026-04-13,Returned,Online,7
ORD1341,CUST027,REP04,REG02,2026-04-08,2026-04-09,Completed,Direct,1
ORD1342,CUST027,REP08,REG04,2026-04-08,2026-04-15,Completed,Direct,7
ORD1343,CUST021,REP05,REG03,2026-04-08,2026-04-09,Completed,Direct,1
ORD1344,CUST092,REP03,REG02,2026-04-08,2026-04-13,Completed,Direct,5
ORD1345,CUST084,REP05,REG03,2026-04-09,2026-04-11,Completed,Direct,2
ORD1346,CUST095,REP06,REG03,2026-04-10,2026-04-13,Completed,Direct,3
ORD1347,CUST023,REP04,REG02,2026-04-10,2026-04-15,Completed,Direct,5
ORD1348,CUST038,REP04,REG02,2026-04-11,2026-04-12,Completed,Direct,1
ORD1349,CUST090,REP05,REG03,2026-04-13,2026-04-14,Completed,Partner,1
ORD1350,CUST014,REP05,REG03,2026-04-14,2026-04-17,Completed,Online,3
ORD1351,CUST095,REP04,REG02,2026-04-14,2026-04-15,Completed,Online,1
ORD1352,CUST083,REP07,REG04,2026-04-15,2026-04-20,Completed,Direct,5
ORD1353,CUST089,REP07,REG04,2026-04-15,2026-04-24,Completed,Direct,9
ORD1354,CUST019,REP04,REG02,2026-04-16,2026-04-18,Cancelled,Direct,2
ORD1355,CUST012,REP02,REG01,2026-04-17,2026-04-19,Completed,Direct,2
ORD1356,CUST056,REP08,REG04,2026-04-19,2026-04-26,Returned,Online,7
ORD1357,CUST058,REP01,REG01,2026-04-19,2026-04-21,Completed,Direct,2
ORD1358,CUST022,REP07,REG04,2026-04-20,2026-04-29,Returned,Direct,9
ORD1359,CUST048,REP03,REG02,2026-04-20,2026-04-25,Completed,Direct,5
ORD1360,CUST075,REP04,REG02,2026-04-20,2026-04-27,Returned,Online,7
ORD1361,CUST062,REP05,REG03,2026-04-21,2026-04-25,Completed,Online,4
ORD1362,CUST017,REP04,REG02,2026-04-21,2026-04-23,Completed,Partner,2
ORD1363,CUST007,REP02,REG01,2026-04-21,2026-04-22,Returned,Online,1
ORD1364,CUST050,REP01,REG01,2026-04-21,2026-04-25,Completed,Online,4
ORD1365,CUST013,REP07,REG04,2026-04-22,2026-05-06,Cancelled,Online,14
ORD1366,CUST088,REP02,REG01,2026-04-22,2026-04-23,Completed,Direct,1
ORD1367,CUST052,REP07,REG04,2026-04-23,2026-05-07,Cancelled,Direct,14
ORD1368,CUST018,REP01,REG01,2026-04-23,2026-04-25,Returned,Online,2
ORD1369,CUST057,REP04,REG02,2026-04-23,2026-04-28,Completed,Partner,5
ORD1370,CUST024,REP07,REG04,2026-04-24,2026-05-05,Completed,Direct,11
ORD1371,CUST068,REP02,REG01,2026-04-24,2026-04-27,Completed,Direct,3
ORD1372,CUST051,REP07,REG04,2026-04-24,2026-04-29,Returned,Partner,5
ORD1373,CUST082,REP01,REG01,2026-04-24,2026-04-26,Completed,Direct,2
ORD1374,CUST004,REP05,REG03,2026-04-25,2026-04-27,Completed,Direct,2
ORD1375,CUST070,REP01,REG01,2026-04-26,2026-04-30,Completed,Direct,4
ORD1376,CUST070,REP07,REG04,2026-04-27,2026-04-30,Completed,Direct,3
ORD1377,CUST051,REP08,REG04,2026-04-27,2026-05-02,Returned,Direct,5
ORD1378,CUST064,REP05,REG03,2026-04-27,2026-04-28,Completed,Online,1
ORD1379,CUST098,REP07,REG04,2026-04-28,2026-04-29,Completed,Direct,1
ORD1380,CUST055,REP07,REG04,2026-04-28,2026-04-30,Completed,Partner,2
ORD1381,CUST047,REP08,REG04,2026-04-29,2026-05-04,Completed,Direct,5
ORD1382,CUST059,REP03,REG02,2026-04-29,2026-05-02,Returned,Online,3
ORD1383,CUST019,REP07,REG04,2026-04-30,2026-05-04,Completed,Online,4
ORD1384,CUST033,REP01,REG01,2026-04-30,2026-05-02,Completed,Direct,2
ORD1385,CUST050,REP01,REG01,2026-05-01,2026-05-03,Completed,Direct,2
ORD1386,CUST025,REP03,REG02,2026-05-01,2026-05-05,Completed,Direct,4
ORD1387,CUST081,REP04,REG02,2026-05-01,2026-05-04,Completed,Direct,3
ORD1388,CUST080,REP03,REG02,2026-05-01,2026-05-02,Completed,Online,1
ORD1389,CUST030,REP07,REG04,2026-05-01,2026-05-08,Completed,Partner,7
ORD1390,CUST076,REP01,REG01,2026-05-02,2026-05-03,Completed,Direct,1
ORD1391,CUST009,REP06,REG03,2026-05-03,2026-05-05,Completed,Online,2
ORD1392,CUST056,REP05,REG03,2026-05-03,2026-05-07,Completed,Online,4
ORD1393,CUST009,REP03,REG02,2026-05-03,2026-05-04,Completed,Online,1
ORD1394,CUST027,REP05,REG03,2026-05-04,2026-05-06,Completed,Online,2
ORD1395,CUST019,REP06,REG03,2026-05-04,2026-05-07,Completed,Online,3
ORD1396,CUST057,REP03,REG02,2026-05-05,2026-05-07,Completed,Online,2
ORD1397,CUST031,REP04,REG02,2026-05-06,2026-05-07,Completed,Online,1
ORD1398,CUST090,REP02,REG01,2026-05-06,2026-05-08,Completed,Partner,2
ORD1399,CUST077,REP02,REG01,2026-05-07,2026-05-09,Completed,Online,2
ORD1400,CUST014,REP04,REG02,2026-05-07,2026-05-09,Completed,Direct,2
ORD1401,CUST087,REP05,REG03,2026-05-07,2026-05-09,Returned,Partner,2
ORD1402,CUST026,REP02,REG01,2026-05-07,2026-05-12,Completed,Online,5
ORD1403,CUST048,REP01,REG01,2026-05-08,2026-05-09,Completed,Online,1
ORD1404,CUST029,REP01,REG01,2026-05-08,2026-05-10,Completed,Online,2
ORD1405,CUST074,REP02,REG01,2026-05-10,2026-05-12,Completed,Direct,2
ORD1406,CUST004,REP05,REG03,2026-05-10,2026-05-12,Completed,Direct,2
ORD1407,CUST096,REP08,REG04,2026-05-10,2026-05-13,Completed,Direct,3
ORD1408,CUST018,REP05,REG03,2026-05-10,2026-05-11,Completed,Direct,1
ORD1409,CUST047,REP03,REG02,2026-05-11,2026-05-14,Completed,Partner,3
ORD1410,CUST040,REP04,REG02,2026-05-11,2026-05-13,Completed,Online,2
ORD1411,CUST098,REP06,REG03,2026-05-11,2026-05-12,Completed,Partner,1
ORD1412,CUST009,REP05,REG03,2026-05-11,2026-05-13,Completed,Online,2
ORD1413,CUST006,REP05,REG03,2026-05-11,2026-05-14,Cancelled,Online,3
ORD1414,CUST069,REP02,REG01,2026-05-12,2026-05-14,Completed,Partner,2
ORD1415,CUST045,REP04,REG02,2026-05-12,2026-05-14,Completed,Direct,2
ORD1416,CUST041,REP07,REG04,2026-05-12,2026-05-14,Completed,Online,2
ORD1417,CUST028,REP08,REG04,2026-05-13,2026-05-15,Completed,Online,2
ORD1418,CUST036,REP08,REG04,2026-05-13,2026-05-15,Completed,Online,2
ORD1419,CUST040,REP03,REG02,2026-05-13,2026-05-14,Completed,Direct,1
ORD1420,CUST076,REP07,REG04,2026-05-13,2026-05-14,Completed,Direct,1
ORD1421,CUST006,REP02,REG01,2026-05-13,2026-05-16,Completed,Direct,3
ORD1422,CUST017,REP01,REG01,2026-05-14,2026-05-16,Returned,Direct,2
ORD1423,CUST027,REP01,REG01,2026-05-14,2026-05-18,Completed,Online,4
ORD1424,CUST068,REP02,REG01,2026-05-14,2026-05-17,Returned,Online,3
ORD1425,CUST023,REP05,REG03,2026-05-14,2026-05-15,Completed,Direct,1
ORD1426,CUST008,REP02,REG01,2026-05-14,2026-05-16,Completed,Direct,2
ORD1427,CUST041,REP07,REG04,2026-05-15,2026-05-17,Completed,Direct,2
ORD1428,CUST093,REP05,REG03,2026-05-15,2026-05-18,Returned,Direct,3
ORD1429,CUST020,REP02,REG01,2026-05-16,2026-05-17,Returned,Direct,1
ORD1430,CUST012,REP02,REG01,2026-05-16,2026-05-17,Returned,Direct,1
ORD1431,CUST025,REP01,REG01,2026-05-16,2026-05-17,Completed,Online,1
ORD1432,CUST092,REP07,REG04,2026-05-17,2026-05-20,Completed,Online,3
ORD1433,CUST070,REP02,REG01,2026-05-17,2026-05-20,Returned,Online,3
ORD1434,CUST014,REP02,REG01,2026-05-18,2026-05-19,Completed,Online,1
ORD1435,CUST091,REP08,REG04,2026-05-18,2026-05-23,Completed,Partner,5
ORD1436,CUST054,REP05,REG03,2026-05-18,2026-05-20,Completed,Partner,2
ORD1437,CUST068,REP06,REG03,2026-05-18,2026-05-21,Completed,Online,3
ORD1438,CUST090,REP06,REG03,2026-05-18,2026-05-20,Completed,Partner,2
ORD1439,CUST032,REP08,REG04,2026-05-18,2026-05-23,Completed,Direct,5
ORD1440,CUST033,REP04,REG02,2026-05-18,2026-05-22,Completed,Direct,4
ORD1441,CUST013,REP06,REG03,2026-05-19,2026-05-21,Completed,Partner,2
ORD1442,CUST023,REP03,REG02,2026-05-19,2026-05-24,Completed,Partner,5
ORD1443,CUST041,REP07,REG04,2026-05-20,2026-06-03,Returned,Direct,14
ORD1444,CUST081,REP07,REG04,2026-05-21,2026-05-28,Completed,Direct,7
ORD1445,CUST057,REP03,REG02,2026-05-21,2026-05-22,Completed,Direct,1
ORD1446,CUST028,REP07,REG04,2026-05-21,2026-05-26,Completed,Online,5
ORD1447,CUST055,REP05,REG03,2026-05-21,2026-05-22,Completed,Online,1
ORD1448,CUST090,REP02,REG01,2026-05-22,2026-05-24,Completed,Direct,2
ORD1449,CUST062,REP01,REG01,2026-05-22,2026-05-24,Completed,Online,2
ORD1450,CUST086,REP05,REG03,2026-05-22,2026-05-27,Completed,Direct,5
ORD1451,CUST086,REP05,REG03,2026-05-22,2026-05-25,Returned,Direct,3
ORD1452,CUST032,REP07,REG04,2026-05-23,2026-06-06,Returned,Direct,14
ORD1453,CUST072,REP02,REG01,2026-05-23,2026-05-25,Completed,Online,2
ORD1454,CUST057,REP07,REG04,2026-05-23,2026-05-25,Completed,Online,2
ORD1455,CUST055,REP02,REG01,2026-05-24,2026-05-26,Completed,Direct,2
ORD1456,CUST004,REP02,REG01,2026-05-24,2026-05-26,Completed,Online,2
ORD1457,CUST017,REP01,REG01,2026-05-25,2026-05-27,Completed,Partner,2
ORD1458,CUST054,REP08,REG04,2026-05-25,2026-06-08,Returned,Direct,14
ORD1459,CUST046,REP07,REG04,2026-05-26,2026-06-09,Returned,Online,14
ORD1460,CUST074,REP02,REG01,2026-05-26,2026-05-27,Completed,Direct,1
ORD1461,CUST008,REP07,REG04,2026-05-27,2026-06-01,Completed,Direct,5
ORD1462,CUST045,REP02,REG01,2026-05-28,2026-05-30,Completed,Partner,2
ORD1463,CUST086,REP03,REG02,2026-05-28,2026-05-30,Completed,Online,2
ORD1464,CUST022,REP06,REG03,2026-05-28,2026-06-01,Completed,Direct,4
ORD1465,CUST098,REP07,REG04,2026-05-29,2026-06-01,Completed,Online,3
ORD1466,CUST082,REP02,REG01,2026-05-29,2026-06-01,Completed,Direct,3
ORD1467,CUST010,REP05,REG03,2026-05-29,2026-05-30,Completed,Online,1
ORD1468,CUST048,REP05,REG03,2026-05-30,2026-05-31,Completed,Online,1
ORD1469,CUST068,REP08,REG04,2026-05-30,2026-06-04,Completed,Partner,5
ORD1470,CUST082,REP03,REG02,2026-05-31,2026-06-02,Completed,Direct,2
ORD1471,CUST074,REP03,REG02,2026-05-31,2026-06-02,Returned,Partner,2
ORD1472,CUST037,REP07,REG04,2026-05-31,2026-06-01,Cancelled,Partner,1
ORD1473,CUST033,REP01,REG01,2026-06-01,2026-06-02,Completed,Online,1
ORD1474,CUST024,REP02,REG01,2026-06-01,2026-06-02,Completed,Online,1
ORD1475,CUST052,REP08,REG04,2026-06-02,2026-06-13,Returned,Online,11
ORD1476,CUST019,REP02,REG01,2026-06-02,2026-06-05,Returned,Partner,3
ORD1477,CUST016,REP04,REG02,2026-06-02,2026-06-04,Cancelled,Direct,2
ORD1478,CUST067,REP08,REG04,2026-06-02,2026-06-07,Completed,Direct,5
ORD1479,CUST008,REP04,REG02,2026-06-03,2026-06-04,Completed,Partner,1
ORD1480,CUST091,REP06,REG03,2026-06-05,2026-06-06,Completed,Direct,1
ORD1481,CUST089,REP07,REG04,2026-06-05,2026-06-08,Completed,Direct,3
ORD1482,CUST098,REP02,REG01,2026-06-05,2026-06-06,Completed,Online,1
ORD1483,CUST009,REP05,REG03,2026-06-05,2026-06-07,Returned,Direct,2
ORD1484,CUST056,REP05,REG03,2026-06-05,2026-06-07,Completed,Partner,2
ORD1485,CUST071,REP03,REG02,2026-06-05,2026-06-07,Completed,Direct,2
ORD1486,CUST029,REP01,REG01,2026-06-06,2026-06-08,Completed,Direct,2
ORD1487,CUST046,REP06,REG03,2026-06-06,2026-06-11,Returned,Direct,5
ORD1488,CUST027,REP08,REG04,2026-06-06,2026-06-09,Completed,Online,3
ORD1489,CUST035,REP01,REG01,2026-06-07,2026-06-09,Completed,Online,2
ORD1490,CUST030,REP01,REG01,2026-06-08,2026-06-09,Completed,Online,1
ORD1491,CUST034,REP07,REG04,2026-06-08,2026-06-15,Completed,Partner,7
ORD1492,CUST051,REP06,REG03,2026-06-08,2026-06-10,Completed,Online,2
ORD1493,CUST056,REP08,REG04,2026-06-09,2026-06-14,Completed,Direct,5
ORD1494,CUST028,REP06,REG03,2026-06-09,2026-06-11,Completed,Online,2
ORD1495,CUST069,REP03,REG02,2026-06-11,2026-06-13,Completed,Direct,2
ORD1496,CUST011,REP05,REG03,2026-06-11,2026-06-12,Completed,Partner,1
ORD1497,CUST075,REP01,REG01,2026-06-11,2026-06-13,Completed,Direct,2
ORD1498,CUST095,REP02,REG01,2026-06-11,2026-06-12,Completed,Online,1
ORD1499,CUST067,REP07,REG04,2026-06-12,2026-06-23,Cancelled,Online,11
ORD1500,CUST072,REP06,REG03,2026-06-12,2026-06-15,Completed,Online,3
ORD1501,CUST057,REP07,REG04,2026-06-12,2026-06-15,Completed,Online,3
ORD1502,CUST060,REP05,REG03,2026-06-13,2026-06-17,Completed,Online,4
ORD1503,CUST023,REP01,REG01,2026-06-13,2026-06-15,Completed,Online,2
ORD1504,CUST079,REP06,REG03,2026-06-13,2026-06-18,Completed,Partner,5
ORD1505,CUST073,REP04,REG02,2026-06-13,2026-06-15,Completed,Partner,2
ORD1506,CUST066,REP03,REG02,2026-06-14,2026-06-18,Completed,Partner,4
ORD1507,CUST019,REP03,REG02,2026-06-14,2026-06-15,Completed,Online,1
ORD1508,CUST047,REP07,REG04,2026-06-15,2026-06-19,Completed,Partner,4
ORD1509,CUST062,REP02,REG01,2026-06-16,2026-06-17,Completed,Direct,1
ORD1510,CUST002,REP02,REG01,2026-06-17,2026-06-19,Completed,Online,2
ORD1511,CUST090,REP06,REG03,2026-06-17,2026-06-19,Completed,Partner,2
ORD1512,CUST069,REP04,REG02,2026-06-18,2026-06-19,Completed,Online,1
ORD1513,CUST011,REP03,REG02,2026-06-19,2026-06-20,Returned,Direct,1
ORD1514,CUST028,REP03,REG02,2026-06-20,2026-06-22,Completed,Direct,2
ORD1515,CUST070,REP04,REG02,2026-06-20,2026-06-22,Completed,Online,2
ORD1516,CUST060,REP02,REG01,2026-06-20,2026-06-24,Completed,Direct,4
ORD1517,CUST004,REP03,REG02,2026-06-20,2026-06-22,Completed,Partner,2
ORD1518,CUST055,REP01,REG01,2026-06-20,2026-06-22,Completed,Partner,2
ORD1519,CUST044,REP01,REG01,2026-06-22,2026-06-23,Completed,Partner,1
ORD1520,CUST014,REP01,REG01,2026-06-22,2026-06-26,Completed,Direct,4
ORD1521,CUST041,REP01,REG01,2026-06-23,2026-06-24,Completed,Direct,1
ORD1522,CUST017,REP05,REG03,2026-06-23,2026-06-24,Completed,Direct,1
ORD1523,CUST059,REP08,REG04,2026-06-23,2026-06-25,Completed,Partner,2
ORD1524,CUST027,REP05,REG03,2026-06-23,2026-06-25,Completed,Online,2
ORD1525,CUST082,REP04,REG02,2026-06-24,2026-06-26,Completed,Online,2
ORD1526,CUST027,REP05,REG03,2026-06-24,2026-06-26,Completed,Online,2
ORD1527,CUST026,REP06,REG03,2026-06-25,2026-06-30,Returned,Online,5
ORD1528,CUST039,REP05,REG03,2026-06-26,2026-07-01,Completed,Online,5
ORD1529,CUST020,REP06,REG03,2026-06-26,2026-06-29,Completed,Direct,3
ORD1530,CUST034,REP06,REG03,2026-06-26,2026-06-29,Completed,Online,3
ORD1531,CUST097,REP02,REG01,2026-06-26,2026-06-28,Completed,Direct,2
ORD1532,CUST087,REP06,REG03,2026-06-26,2026-06-27,Completed,Direct,1
ORD1533,CUST048,REP04,REG02,2026-06-27,2026-06-30,Returned,Online,3
ORD1534,CUST075,REP02,REG01,2026-06-27,2026-06-30,Completed,Online,3
ORD1535,CUST070,REP04,REG02,2026-06-27,2026-06-29,Cancelled,Online,2
ORD1536,CUST083,REP02,REG01,2026-06-28,2026-06-30,Completed,Direct,2
ORD1537,CUST079,REP05,REG03,2026-06-28,2026-06-29,Returned,Partner,1
ORD1538,CUST077,REP07,REG04,2026-06-28,2026-07-05,Completed,Partner,7
ORD1539,CUST071,REP02,REG01,2026-06-28,2026-07-01,Completed,Online,3
ORD1540,CUST054,REP07,REG04,2026-06-29,2026-07-02,Completed,Online,3
ORD1541,CUST090,REP08,REG04,2026-06-29,2026-07-03,Completed,Partner,4
